,LIBMIN,Japanese,Prefecture,PMUN15,SURFACE,Density,Founded,Homepage,LAT,LONG
0,Nagoya ,名古屋市 ,Aichi ,2283289 ,326.45,6860 ,1889-10-01 ,[1],35.1814464,136.906398
1,Toyohashi ,豊橋市 ,Aichi ,377045 ,261.35,1443 ,1906-08-01 ,[2],34.7691995,137.3914662
2,Okazaki ,岡崎市 ,Aichi ,371380 ,387.24,959 ,1916-07-01 ,[3],34.9543786,137.1743293
3,Ichinomiya ,一宮市 ,Aichi ,375939 ,113.91,3300 ,1921-09-01 ,[4],35.3038899,136.8029326
4,Seto ,瀬戸市 ,Aichi ,132311 ,111.61,1185 ,1929-10-01 ,[5],35.2239579,137.0840296
5,Handa ,半田市 ,Aichi ,117927 ,47.24,2496 ,1937-10-01 ,[6],34.8917179,136.937961
6,Kasugai ,春日井市 ,Aichi ,300713 ,92.71,3244 ,1943-06-01 ,[7],35.247611,136.9722236
7,Toyokawa ,豊川市 ,Aichi ,161595 ,150.71,1072 ,1943-06-01 ,[8],34.8268506,137.3755423
8,Tsushima ,津島市 ,Aichi ,65646 ,25.08,2617 ,1947-03-01 ,[9],35.1770291,136.7412138
9,Hekinan ,碧南市 ,Aichi ,73024 ,35.86,2036 ,1948-04-05 ,[10],34.8848038,136.9933755
10,Kariya ,刈谷市 ,Aichi ,145117 ,50.45,2876 ,1950-04-01 ,[11],34.9892245,137.0021069
11,Toyota ,豊田市 ,Aichi ,420286 ,918.47,458 ,1951-03-01 ,[12],35.0823947,137.1562491
12,Anjō ,安城市 ,Aichi ,176046 ,86.01,2047 ,1952-05-05 ,[13],34.9586414,137.080297
13,Nishio ,西尾市 ,Aichi ,106643 ,75.78,1407 ,1953-12-15 ,[14],34.8619367,137.0618498
14,Gamagōri ,蒲郡市 ,Aichi ,82264 ,56.81,1448 ,1954-04-01 ,[15],34.8265004,137.2195158
15,Inuyama ,犬山市 ,Aichi ,75304 ,74.97,1004 ,1954-04-01 ,[16],35.3786067,136.9445638
16,Tokoname ,常滑市 ,Aichi ,52837 ,55.63,950 ,1954-04-01 ,[17],34.8867002,136.8323973
17,Kōnan ,江南市 ,Aichi ,100064 ,30.17,3317 ,1954-06-01 ,[18],35.3320112,136.8706172
18,Komaki ,小牧市 ,Aichi ,149060 ,62.82,2373 ,1955-01-01 ,[19],35.2903104,136.9109515
19,Inazawa ,稲沢市 ,Aichi ,137475 ,79.3,1734 ,1958-11-01 ,[20],35.2481321,136.780202
20,Tōkai ,東海市 ,Aichi ,106708 ,43.36,2461 ,1969-04-01 ,[21],35.0228426,136.90253
21,Ōbu ,大府市 ,Aichi ,83097 ,33.68,2467 ,1970-09-01 ,[22],35.0116566,136.9638347
22,Chita ,知多市 ,Aichi ,84782 ,45.43,1866 ,1970-09-01 ,[23],34.9965332,136.8647553
23,Chiryū ,知立市 ,Aichi ,68216 ,16.34,4175 ,1970-12-01 ,[24],35.0012715,137.0507493
24,Owariasahi ,尾張旭市 ,Aichi ,79197 ,21.03,3766 ,1970-12-01 ,[25],35.2165127,137.0353957
25,Takahama ,高浜市 ,Aichi ,43467 ,13.0,3344 ,1970-12-01 ,[26],34.9276434,136.9876769
26,Iwakura ,岩倉市 ,Aichi ,48042 ,10.49,4580 ,1971-12-01 ,[27],35.2795027,136.8714306
27,Toyoake ,豊明市 ,Aichi ,69124 ,23.18,2982 ,1972-08-01 ,[28],35.0536877,137.0129968
28,Nisshin ,日進市 ,Aichi ,80921 ,34.9,2319 ,1994-10-01 ,[29],35.1320154,137.0394117
29,Tahara ,田原市 ,Aichi ,66698 ,188.81,353 ,2003-08-20 ,[30],34.6688056,137.2642033
30,Aisai ,愛西市 ,Aichi ,65481 ,66.63,983 ,2005-04-01 ,[31],35.1531406,136.7280996
31,Kiyosu ,清須市 ,Aichi ,56635 ,13.31,4255 ,2005-07-07 ,[32],35.2033806,136.8655213
32,Shinshiro ,新城市 ,Aichi ,51326 ,499.0,103 ,2005-10-01 ,[33],34.8992291,137.4984758
33,Kitanagoya ,北名古屋市 ,Aichi ,80112 ,18.37,4361 ,2006-03-20 ,[34],35.2456681,136.8660083
34,Yatomi ,弥富市 ,Aichi ,43145 ,48.92,882 ,2006-04-01 ,[35],35.1100184,136.7247393
35,Miyoshi ,みよし市 ,Aichi ,- ,32.11,- ,2010-01-04 ,[36],35.0894103,137.0748539
36,Ama ,あま市 ,Aichi ,- ,27.59,- ,2010-03-22 ,[37],35.1703037,136.8008305
37,Akita ,秋田市 ,Akita ,329287 ,905.67,364 ,1889-04-01 ,[38],39.7199218,140.1035697
38,Ōdate ,大館市 ,Akita ,80587 ,913.7,88.2 ,1951-04-01 ,[39],40.271405,140.5642854
39,Kazuno ,鹿角市 ,Akita ,35543 ,707.34,50.2 ,1972-04-01 ,[40],40.2157778,140.7884361
40,Daisen ,大仙市 ,Akita ,91143 ,866.67,105 ,2005-03-22 ,[41],39.4530882,140.4754481
41,Katagami ,潟上市 ,Akita ,35460 ,97.96,362 ,2005-03-22 ,[42],39.8572876,140.013054
42,Kitaakita ,北秋田市 ,Akita ,38543 ,1152.57,33.4 ,2005-03-22 ,[43],40.2260542,140.3707417
43,Oga ,男鹿市 ,Akita ,34194 ,240.8,142 ,2005-03-22 ,[44],39.8868177,139.847558
44,Yurihonjō ,由利本荘市 ,Akita ,87525 ,1209.04,72.4 ,2005-03-22 ,[45],39.3858766,140.0487906
45,Yuzawa ,湯沢市 ,Akita ,53588 ,790.72,67.8 ,2005-03-22 ,[46],39.1643041,140.4956629
46,Semboku ,仙北市 ,Akita ,30885 ,1093.64,28.2 ,2005-09-20 ,[47],39.7000694,140.7305881
47,Yokote ,横手市 ,Akita ,101234 ,693.6,146 ,2005-10-01 ,[48],39.3137816,140.5666488
48,Nikaho ,にかほ市 ,Akita ,28422 ,240.61,118 ,2005-10-01 ,[49],39.2030116,139.9077127
49,Noshiro ,能代市 ,Akita ,61295 ,426.74,144 ,2006-03-21 ,[50],40.2121508,140.0266238
50,Hachinohe ,八戸市 ,Aomori ,241613 ,305.17,792 ,1929-05-01 ,[51],40.5122839,141.4883986
51,Kuroishi ,黒石市 ,Aomori ,37585 ,216.96,173 ,1954-07-01 ,[52],40.6426318,140.5946454
52,Misawa ,三沢市 ,Aomori ,42535 ,119.97,355 ,1958-09-01 ,[53],40.6831337,141.3689761
53,Mutsu ,むつ市 ,Aomori ,62220 ,863.79,72.0 ,1959-09-01 ,[54],41.2927457,141.1834755
54,Towada ,十和田市 ,Aomori ,66834 ,688.6,97.1 ,2005-01-01 ,[55],40.464869,140.8772428
55,Tsugaru ,つがる市 ,Aomori ,38919 ,253.85,153 ,2005-02-11 ,[56],40.808639,140.3800593
56,Goshogawara ,五所川原市 ,Aomori ,60788 ,404.58,150 ,2005-03-28 ,[57],40.808002,140.44009
57,Aomori ,青森市 ,Aomori ,305884 ,824.52,371 ,2005-04-01 ,[58],40.822072,140.7473647
58,Hirakawa ,平川市 ,Aomori ,34638 ,345.81,100 ,2006-01-01 ,[59],40.5840107,140.5664783
59,Hirosaki ,弘前市 ,Aomori ,185865 ,523.6,355 ,2006-02-27 ,[60],40.6031243,140.4639223
60,Chiba ,千葉市 ,Chiba ,938695 ,272.08,3450 ,1921-01-01 ,[61],35.6072668,140.1062907
61,Chōshi ,銚子市 ,Chiba ,72348 ,83.91,862 ,1933-02-11 ,[62],35.7346813,140.8266406
62,Ichikawa ,市川市 ,Chiba ,470149 ,57.4,8191 ,1934-11-03 ,[63],35.7219115,139.9310099
63,Funabashi ,船橋市 ,Chiba ,586762 ,85.64,6851 ,1937-04-01 ,[64],35.6947058,139.982618
64,Tateyama ,館山市 ,Chiba ,49987 ,110.21,454 ,1939-11-03 ,[65],34.9965057,139.8699653
65,Kisarazu ,木更津市 ,Chiba ,123743 ,138.73,892 ,1942-11-03 ,[66],35.3812265,139.92486
66,Matsudo ,松戸市 ,Chiba ,477603 ,61.33,7787 ,1943-04-01 ,[67],35.7876491,139.903093
67,Noda ,野田市 ,Chiba ,153422 ,103.54,1482 ,1950-05-03 ,[68],35.9551921,139.8747636
68,Mobara ,茂原市 ,Chiba ,93032 ,100.01,930 ,1952-04-01 ,[69],35.4285439,140.2880265
69,Narita ,成田市 ,Chiba ,124773 ,213.84,583 ,1954-03-31 ,[70],35.7766076,140.3187806
70,Sakura ,佐倉市 ,Chiba ,171472 ,103.59,1655 ,1954-03-31 ,[71],35.7234861,140.2239639
71,Tōgane ,東金市 ,Chiba ,61591 ,89.34,689 ,1954-04-01 ,[72],35.5599438,140.3660922
72,Narashino ,習志野市 ,Chiba ,159758 ,20.99,7611 ,1954-08-01 ,[73],35.6830349,140.0243648
73,Kashiwa ,柏市 ,Chiba ,389036 ,114.9,3386 ,1954-09-01 ,[74],35.8676124,139.9758505
74,Katsuura ,勝浦市 ,Chiba ,21413 ,94.2,227 ,1958-10-01 ,[75],35.152283,140.3209324
75,Ichihara ,市原市 ,Chiba ,279591 ,368.2,759 ,1963-05-01 ,[76],35.4978377,140.1156648
76,Nagareyama ,流山市 ,Chiba ,156686 ,35.28,4441 ,1967-01-01 ,[77],35.8563097,139.9026602
77,Yachiyo ,八千代市 ,Chiba ,184655 ,51.27,3602 ,1967-01-01 ,[78],35.7224684,140.0997724
78,Abiko ,我孫子市 ,Chiba ,133533 ,43.19,3092 ,1970-07-01 ,[79],35.8641227,140.0282255
79,Kamagaya ,鎌ヶ谷市 ,Chiba ,104564 ,21.11,4953 ,1971-09-01 ,[80],35.7767501,140.0007904
80,Kimitsu ,君津市 ,Chiba ,89350 ,318.83,280 ,1971-09-01 ,[81],35.3304502,139.9026768
81,Futtsu ,富津市 ,Chiba ,48973 ,205.35,238 ,1971-09-01 ,[82],35.3041204,139.8571048
82,Urayasu ,浦安市 ,Chiba ,159312 ,17.29,9214 ,1981-04-01 ,[83],35.6539835,139.9022034
83,Yotsukaidō ,四街道市 ,Chiba ,85738 ,34.7,2471 ,1981-04-01 ,[84],35.6698162,140.1679247
84,Sodegaura ,袖ヶ浦市 ,Chiba ,59443 ,94.92,626 ,1991-04-01 ,[85],35.4298081,139.9544301
85,Yachimata ,八街市 ,Chiba ,75369 ,74.87,1007 ,1992-04-01 ,[86],35.665917,140.3179516
86,Inzai ,印西市 ,Chiba ,60280 ,53.51,1127 ,1996-04-01 ,[87],35.8323485,140.1458154
87,Shiroi ,白井市 ,Chiba ,57151 ,35.41,1614 ,2001-04-01 ,[88],35.7914999,140.0563717
88,Tomisato ,富里市 ,Chiba ,51590 ,53.91,957 ,2002-04-01 ,[89],35.7268082,140.3430579
89,Kamogawa ,鴨川市 ,Chiba ,35792 ,191.3,187 ,2005-02-11 ,[90],35.1139867,140.0987111
90,Asahi ,旭市 ,Chiba ,69971 ,129.91,539 ,2005-07-01 ,[91],35.7204338,140.6464692
91,Isumi ,いすみ市 ,Chiba ,41605 ,157.5,264 ,2005-12-05 ,[92],35.2538888,140.3850506
92,Sōsa ,匝瑳市 ,Chiba ,41361 ,101.78,406 ,2006-01-23 ,[93],35.7079167,140.5642812
93,Minamibōsō ,南房総市 ,Chiba ,43553 ,230.22,189 ,2006-03-20 ,[94],35.0429906,139.8401276
94,Katori ,香取市 ,Chiba ,85193 ,262.31,325 ,2006-03-27 ,[95],35.8977354,140.4992682
95,Sanmu ,山武市 ,Chiba ,57806 ,146.38,395 ,2006-03-27 ,[96],35.6029638,140.4135064
96,Matsuyama ,松山市 ,Ehime ,515068 ,429.03,1201 ,1889-12-15 ,[97],33.8391574,132.7655752
97,Niihama ,新居浜市 ,Ehime ,123329 ,234.3,526 ,1937-11-03 ,[98],33.9602895,133.2833512
98,Shikokuchūō ,四国中央市 ,Ehime ,91688 ,420.1,218 ,2004-04-01 ,[99],33.9807605,133.5491949
99,Seiyo ,西予市 ,Ehime ,43476 ,514.79,84.5 ,2004-04-01 ,[100],33.36262,132.5109925
100,Tōon ,東温市 ,Ehime ,35517 ,211.45,168 ,2004-09-21 ,[101],33.7910237,132.8722962
101,Saijō ,西条市 ,Ehime ,112543 ,509.05,221 ,2004-11-01 ,[102],33.9195105,133.1811697
102,Ōzu ,大洲市 ,Ehime ,49543 ,432.2,115 ,2005-01-11 ,[103],33.5061936,132.5445085
103,Imabari ,今治市 ,Ehime ,170986 ,419.85,407 ,2005-01-16 ,[104],34.0660979,132.99786
104,Yawatahama ,八幡浜市 ,Ehime ,40010 ,132.98,301 ,2005-03-28 ,[105],33.4628979,132.4233362
105,Iyo ,伊予市 ,Ehime ,38890 ,194.47,200 ,2005-04-01 ,[106],33.7574293,132.7037292
106,Uwajima ,宇和島市 ,Ehime ,86819 ,469.52,185 ,2005-08-01 ,[107],33.2233404,132.5605575
107,Fukui ,福井市 ,Fukui ,268574 ,536.17,501 ,1889-04-01 ,[108],36.0640669,136.2194938
108,Tsuruga ,敦賀市 ,Fukui ,68188 ,250.75,272 ,1937-04-01 ,[109],35.6452443,136.0554408
109,Obama ,小浜市 ,Fukui ,31486 ,232.86,135 ,1951-03-30 ,[110],35.4955931,135.7466439
110,Ōno ,大野市 ,Fukui ,36763 ,872.3,42.1 ,1954-07-01 ,[111],35.9798141,136.4875638
111,Katsuyama ,勝山市 ,Fukui ,26333 ,253.68,104 ,1954-09-01 ,[112],36.060945,136.5005841
112,Sabae ,鯖江市 ,Fukui ,67430 ,84.75,796 ,1955-01-15 ,[113],35.9565532,136.1844742
113,Awara ,あわら市 ,Fukui ,30765 ,116.99,263 ,2004-03-01 ,[114],36.2113529,136.2290254
114,Echizen ,越前市 ,Fukui ,87116 ,230.75,378 ,2005-10-01 ,[115],35.9034986,136.16878
115,Sakai ,坂井市 ,Fukui ,92420 ,209.91,440 ,2006-03-20 ,[116],36.1669252,136.2314572
116,Fukuoka ,福岡市 ,Fukuoka ,1430371 ,340.96,4195 ,1889-04-01 ,[117],33.5903547,130.4017155
117,Kurume ,久留米市 ,Fukuoka ,305147 ,229.84,1328 ,1889-04-01 ,[118],33.3192865,130.5083735
118,Ōmuta ,大牟田市 ,Fukuoka ,127474 ,81.55,1563 ,1917-03-01 ,[119],33.0302622,130.4459852
119,Nōgata ,直方市 ,Fukuoka ,57319 ,61.78,928 ,1931-01-01 ,[120],33.7441839,130.7296326
120,Tagawa ,田川市 ,Fukuoka ,50484 ,54.52,926 ,1943-11-03 ,[121],33.6389822,130.8062975
121,Yanagawa ,柳川市 ,Fukuoka ,72798 ,76.9,947 ,1952-04-01 ,[122],33.1630889,130.4057531
122,Yame ,八女市 ,Fukuoka ,42241 ,98.66,428 ,1954-04-01 ,[123],33.2119674,130.5579082
123,Chikugo ,筑後市 ,Fukuoka ,48281 ,41.85,1154 ,1954-04-01 ,[124],33.2124469,130.5020928
124,Ōkawa ,大川市 ,Fukuoka ,38266 ,33.61,1139 ,1954-04-01 ,[125],33.2065943,130.3839576
125,Yukuhashi ,行橋市 ,Fukuoka ,70064 ,69.83,1003 ,1954-10-10 ,[126],33.7287727,130.982967
126,Buzen ,豊前市 ,Fukuoka ,27578 ,111.17,248 ,1955-04-10 ,[127],33.6115108,131.130051
127,Nakama ,中間市 ,Fukuoka ,45549 ,15.98,2850 ,1958-11-01 ,[128],33.8166498,130.7090769
128,Kitakyūshū ,北九州市 ,Fukuoka ,986998 ,487.71,2024 ,1963-02-10 ,[129],33.8834093,130.8752161
129,Ogōri ,小郡市 ,Fukuoka ,58460 ,45.5,1285 ,1972-04-01 ,[130],33.3964164,130.5554383
130,Chikushino ,筑紫野市 ,Fukuoka ,98914 ,87.78,1127 ,1972-04-01 ,[131],33.4963423,130.5156572
131,Kasuga ,春日市 ,Fukuoka ,107845 ,14.15,7622 ,1972-04-01 ,[132],33.532571,130.4702806
132,Ōnojō ,大野城市 ,Fukuoka ,94037 ,26.88,3498 ,1972-04-01 ,[133],33.536307,130.478641
133,Munakata ,宗像市 ,Fukuoka ,94877 ,119.66,793 ,1981-04-01 ,[134],33.8054314,130.5407182
134,Dazaifu ,太宰府市 ,Fukuoka ,68561 ,29.58,2318 ,1982-04-01 ,[135],33.5127991,130.5239064
135,Koga ,古賀市 ,Fukuoka ,57084 ,42.11,1356 ,1997-10-01 ,[136],33.7287865,130.4699872
136,Fukutsu ,福津市 ,Fukuoka ,55123 ,52.7,1046 ,2005-01-24 ,[137],33.7868658,130.4698859
137,Ukiha ,うきは市 ,Fukuoka ,32277 ,117.55,275 ,2005-03-20 ,[138],33.347297,130.7549338
138,Miyawaka ,宮若市 ,Fukuoka ,30793 ,139.99,220 ,2006-02-11 ,[139],33.7235676,130.6666936
139,Asakura ,朝倉市 ,Fukuoka ,57881 ,246.73,235 ,2006-03-20 ,[140],33.4234125,130.665573
140,Iizuka ,飯塚市 ,Fukuoka ,132208 ,214.13,617 ,2006-03-26 ,[141],33.6459075,130.6915113
141,Kama ,嘉麻市 ,Fukuoka ,44431 ,135.18,329 ,2006-03-27 ,[142],33.560662,130.7668169
142,Miyama ,みやま市 ,Fukuoka ,42219 ,105.12,402 ,2007-01-29 ,[143],33.1524253,130.4747203
143,Itoshima ,糸島市 ,Fukuoka ,- ,216.12,- ,2010-01-01 ,[144],33.5573203,130.195555
144,Aizuwakamatsu ,会津若松市 ,Fukushima ,129388 ,383.03,338 ,1899-04-01 ,[145],37.4947611,139.9298096
145,Fukushima ,福島市 ,Fukushima ,289355 ,746.43,388 ,1907-04-01 ,[146],37.7608337,140.4747282
146,Kōriyama ,郡山市 ,Fukushima ,339395 ,757.06,448 ,1924-09-01 ,[147],37.400529,140.3597421
147,Sukagawa ,須賀川市 ,Fukushima ,80336 ,279.55,287 ,1954-03-31 ,[148],37.2928933,140.3569753
148,Sōma ,相馬市 ,Fukushima ,38543 ,197.67,195 ,1954-03-31 ,[149],37.7966242,140.9194697
149,Iwaki ,いわき市 ,Fukushima ,349947 ,1231.34,284 ,1966-10-01 ,[150],37.0504195,140.8876817
150,Tamura ,田村市 ,Fukushima ,42221 ,458.3,92.1 ,2005-03-01 ,[151],37.4405496,140.5764222
151,Shirakawa ,白河市 ,Fukushima ,65665 ,305.3,215 ,2005-11-07 ,[152],37.126362,140.2109427
152,Nihonmatsu ,二本松市 ,Fukushima ,61698 ,344.65,179 ,2005-12-01 ,[153],37.5848581,140.4311291
153,Minamisōma ,南相馬市 ,Fukushima ,71761 ,398.5,180 ,2006-01-01 ,[154],37.6421608,140.9572757
154,Date ,伊達市 ,Fukushima ,67487 ,265.1,255 ,2006-01-01 ,[155],37.8191383,140.5629082
155,Kitakata ,喜多方市 ,Fukushima ,54684 ,554.67,98.6 ,2006-01-04 ,[156],37.651355,139.8746088
156,Motomiya ,本宮市 ,Fukushima ,31737 ,87.94,361 ,2007-01-01 ,[157],37.5131313,140.3938904
157,Gifu ,岐阜市 ,Gifu ,412779 ,202.89,2034 ,1889-07-01 ,[158],35.4232984,136.7606537
158,Ōgaki ,大垣市 ,Gifu ,163047 ,206.52,789 ,1918-04-01 ,[159],35.3593842,136.6127502
159,Takayama ,高山市 ,Gifu ,94879 ,2177.67,43.6 ,1936-11-01 ,[160],36.1461236,137.2521729
160,Tajimi ,多治見市 ,Gifu ,114866 ,91.24,1259 ,1940-08-01 ,[161],35.3328,137.1320765
161,Seki ,関市 ,Gifu ,92896 ,472.84,196 ,1950-10-15 ,[162],35.495738,136.9178419
162,Nakatsugawa ,中津川市 ,Gifu ,83116 ,676.38,123 ,1952-04-01 ,[163],35.4875479,137.5005092
163,Mino ,美濃市 ,Gifu ,22912 ,117.05,196 ,1954-04-01 ,[164],35.5447697,136.9075396
164,Mizunami ,瑞浪市 ,Gifu ,41556 ,175.0,237 ,1954-04-01 ,[165],35.3617124,137.2545866
165,Hashima ,羽島市 ,Gifu ,67167 ,53.64,1252 ,1954-04-01 ,[166],35.31991,136.7033494
166,Minokamo ,美濃加茂市 ,Gifu ,53988 ,74.81,722 ,1954-04-01 ,[167],35.4402422,137.0156644
167,Toki ,土岐市 ,Gifu ,61393 ,116.01,529 ,1955-02-01 ,[168],35.3525002,137.183202
168,Kakamigahara ,各務原市 ,Gifu ,145126 ,87.77,1653 ,1963-04-01 ,[169],35.3988691,136.8482643
169,Kani ,可児市 ,Gifu ,99318 ,87.6,1134 ,1982-04-01 ,[170],35.4261208,137.0610107
170,Yamagata ,山県市 ,Gifu ,29857 ,222.04,134 ,2003-04-01 ,[171],35.5061094,136.7813716
171,Mizuho ,瑞穂市 ,Gifu ,51230 ,28.18,1818 ,2003-05-01 ,[172],35.4040939,136.6497738
172,Hida ,飛騨市 ,Gifu ,28112 ,792.31,35.5 ,2004-02-01 ,[173],36.2381244,137.186317
173,Motosu ,本巣市 ,Gifu ,34729 ,374.57,92.7 ,2004-02-01 ,[174],35.4830469,136.6787656
174,Gujō ,郡上市 ,Gifu ,46338 ,1030.79,45.0 ,2004-03-01 ,[175],35.7485771,136.9643543
175,Gero ,下呂市 ,Gifu ,37455 ,851.06,44.0 ,2004-03-01 ,[176],35.8058817,137.2441002
176,Ena ,恵那市 ,Gifu ,54844 ,504.19,109 ,2004-10-25 ,[177],35.449314,137.4128083
177,Kaizu ,海津市 ,Gifu ,38532 ,112.31,343 ,2005-03-28 ,[178],35.2204924,136.6366621
178,Maebashi ,前橋市 ,Gunma ,318058 ,241.22,1319 ,1892-04-01 ,[179],36.3894816,139.0634281
179,Takasaki ,高崎市 ,Gunma ,341838 ,401.01,852 ,1900-04-01 ,[180],36.3219088,139.0032936
180,Kiryū ,桐生市 ,Gunma ,124892 ,274.57,455 ,1921-03-01 ,[181],36.4054907,139.3306875
181,Isesaki ,伊勢崎市 ,Gunma ,204240 ,139.33,1466 ,1940-09-13 ,[182],36.3113639,139.1967703
182,Ōta ,太田市 ,Gunma ,214049 ,176.49,1213 ,1948-05-03 ,[183],36.2911223,139.3754708
183,Numata ,沼田市 ,Gunma ,52319 ,443.37,118 ,1954-04-01 ,[184],36.6460769,139.0441608
184,Tatebayashi ,館林市 ,Gunma ,79023 ,60.98,1296 ,1954-04-01 ,[185],36.2448485,139.5419678
185,Fujioka ,藤岡市 ,Gunma ,68710 ,180.09,382 ,1954-04-01 ,[186],36.2584765,139.0744386
186,Shibukawa ,渋川市 ,Gunma ,86134 ,240.42,358 ,2006-02-20 ,[187],36.4894706,139.0004482
187,Annaka ,安中市 ,Gunma ,62270 ,276.34,225 ,2006-03-18 ,[188],36.3263676,138.8873239
188,Tomioka ,富岡市 ,Gunma ,53332 ,122.9,434 ,2006-03-27 ,[189],36.2598962,138.8899322
189,Midori ,みどり市 ,Gunma ,51964 ,208.23,250 ,2006-03-27 ,[190],36.3948381,139.2811346
190,Hiroshima ,広島市 ,Hiroshima ,1163806 ,905.13,1286 ,1889-04-01 ,[191],34.3852029,132.4552927
191,Onomichi ,尾道市 ,Hiroshima ,148085 ,284.85,520 ,1898-04-01 ,[192],34.4088756,133.2048886
192,Kure ,呉市 ,Hiroshima ,246118 ,353.74,696 ,1902-10-01 ,[193],34.2486458,132.5654407
193,Fukuyama ,福山市 ,Hiroshima ,461368 ,518.07,891 ,1916-07-01 ,[194],34.4858993,133.3623127
194,Mihara ,三原市 ,Hiroshima ,103209 ,471.03,219 ,1936-11-15 ,[195],34.3974332,133.0786576
195,Fuchū ,府中市 ,Hiroshima ,44212 ,195.71,226 ,1954-03-31 ,[196],34.5683467,133.2363206
196,Miyoshi ,三次市 ,Hiroshima ,58264 ,778.19,74.9 ,1954-03-31 ,[197],34.8055738,132.851674
197,Shōbara ,庄原市 ,Hiroshima ,41747 ,1246.6,33.5 ,1954-03-31 ,[198],34.8577316,133.0172775
198,Ōtake ,大竹市 ,Hiroshima ,29665 ,78.55,378 ,1954-09-01 ,[199],34.2379773,132.2224752
199,Takehara ,竹原市 ,Hiroshima ,29803 ,118.3,252 ,1958-11-03 ,[200],34.3417943,132.9070883
200,Higashihiroshima ,東広島市 ,Hiroshima ,187711 ,635.32,295 ,1974-04-20 ,[201],34.4263804,132.7433068
201,Hatsukaichi ,廿日市市 ,Hiroshima ,115184 ,489.36,235 ,1988-04-01 ,[202],34.3482578,132.331622
202,Akitakata ,安芸高田市 ,Hiroshima ,32323 ,537.79,60.1 ,2004-03-01 ,[203],34.6663075,132.7042987
203,Etajima ,江田島市 ,Hiroshima ,28601 ,100.97,283 ,2004-11-01 ,[204],34.2230022,132.4438548
204,Sapporo ,札幌市 ,Hokkaidō ,1918096 ,1710.0,1699 ,1922-08-01 ,[205],43.0620958,141.3543763
205,Hakodate ,函館市 ,Hokkaidō ,277056 ,677.89,409 ,1922-08-01 ,[206],41.7687933,140.7288103
206,Otaru ,小樽市 ,Hokkaidō ,130255 ,243.3,535 ,1922-08-01 ,[207],43.1907173,140.9946621
207,Asahikawa ,旭川市 ,Hokkaidō ,350511 ,747.6,469 ,1922-08-01 ,[208],43.7706355,142.364819
208,Muroran ,室蘭市 ,Hokkaidō ,93078 ,80.65,1154 ,1922-08-01 ,[209],42.3152306,140.9737991
209,Obihiro ,帯広市 ,Hokkaidō ,168188 ,618.94,272 ,1933-04-01 ,[210],42.9238989,143.1961031
210,Yūbari ,夕張市 ,Hokkaidō ,10471 ,763.2,13.7 ,1943-04-01 ,[211],43.0567343,141.9738961
211,Iwamizawa ,岩見沢市 ,Hokkaidō ,89023 ,481.1,185 ,1943-04-01 ,[212],43.1962055,141.7759331
212,Abashiri ,網走市 ,Hokkaidō ,38548 ,471.0,81.8 ,1947-02-11 ,[213],44.0206319,144.2733983
213,Rumoi ,留萌市 ,Hokkaidō ,24036 ,297.44,80.8 ,1947-10-01 ,[214],43.9409868,141.6370119
214,Tomakomai ,苫小牧市 ,Hokkaidō ,173761 ,561.49,309 ,1948-04-01 ,[215],42.6343021,141.6053721
215,Wakkanai ,稚内市 ,Hokkaidō ,37911 ,760.83,49.8 ,1949-04-01 ,[216],45.4156641,141.6730822
216,Bibai ,美唄市 ,Hokkaidō ,25312 ,277.61,91.2 ,1950-04-01 ,[217],43.3328813,141.8537848
217,Ashibetsu ,芦別市 ,Hokkaidō ,16465 ,865.02,19.0 ,1953-04-01 ,[218],43.5181661,142.1894364
218,Ebetsu ,江別市 ,Hokkaidō ,120940 ,187.57,645 ,1954-07-01 ,[219],43.1037445,141.5362468
219,Akabira ,赤平市 ,Hokkaidō ,12234 ,129.88,94.2 ,1954-07-01 ,[220],43.558074,142.044211
220,Monbetsu ,紋別市 ,Hokkaidō ,24293 ,830.7,29.2 ,1954-07-01 ,[221],44.3564842,143.3545032
221,Mikasa ,三笠市 ,Hokkaidō ,10070 ,302.64,33.3 ,1957-04-01 ,[222],43.2454351,141.8753272
222,Nemuro ,根室市 ,Hokkaidō ,28923 ,512.63,56.4 ,1957-08-01 ,[223],43.3300759,145.5827903
223,Chitose ,千歳市 ,Hokkaidō ,94124 ,594.95,158 ,1958-07-01 ,[224],42.8209577,141.650876
224,Takikawa ,滝川市 ,Hokkaidō ,42815 ,115.82,370 ,1958-07-01 ,[225],43.5577948,141.9101895
225,Sunagawa ,砂川市 ,Hokkaidō ,18740 ,78.69,238 ,1958-07-01 ,[226],43.4948429,141.903465
226,Utashinai ,歌志内市 ,Hokkaidō ,4259 ,55.99,76.1 ,1958-07-01 ,[227],43.5213525,142.0345679
227,Fukagawa ,深川市 ,Hokkaidō ,23215 ,529.23,43.9 ,1963-05-01 ,[228],43.7232603,142.053538
228,Furano ,富良野市 ,Hokkaidō ,23890 ,600.97,39.8 ,1966-05-01 ,[229],43.3421398,142.3832254
229,Noboribetsu ,登別市 ,Hokkaidō ,51474 ,212.11,243 ,1970-08-01 ,[230],42.4127597,141.1066316
230,Eniwa ,恵庭市 ,Hokkaidō ,68754 ,294.87,233 ,1970-11-01 ,[231],42.8825618,141.5778154
231,Date ,伊達市 ,Hokkaidō ,36461 ,444.28,82.1 ,1972-04-01 ,[232],42.4718507,140.8646786
232,Kitahiroshima ,北広島市 ,Hokkaidō ,60291 ,118.54,509 ,1996-09-01 ,[233],42.9856296,141.5635426
233,Ishikari ,石狩市 ,Hokkaidō ,60616 ,721.86,84.0 ,1996-09-01 ,[234],43.1713843,141.3155196
234,Shibetsu ,士別市 ,Hokkaidō ,21640 ,1119.29,19.3 ,2005-09-01 ,[235],44.1787338,142.4004035
235,Kushiro ,釧路市 ,Hokkaidō ,182263 ,1362.75,134 ,2005-10-11 ,[236],42.9848542,144.3813556
236,Hokuto ,北斗市 ,Hokkaidō ,48779 ,397.3,123 ,2006-02-01 ,[237],41.8240597,140.6529028
237,Kitami ,北見市 ,Hokkaidō ,124291 ,1427.56,87.1 ,2006-03-05 ,[238],43.8040314,143.8958758
238,Nayoro ,名寄市 ,Hokkaidō ,29869 ,535.23,55.8 ,2006-03-27 ,[239],44.355938,142.4631673
239,Kobe ,神戸市 ,Hyōgo ,1530847 ,552.23,2772 ,1889-04-01 ,[240],34.690083,135.1955112
240,Himeji ,姫路市 ,Hyōgo ,536170 ,534.27,1004 ,1889-04-01 ,[241],34.815149,134.6853528
241,Amagasaki ,尼崎市 ,Hyōgo ,461202 ,49.77,9267 ,1916-04-01 ,[242],34.7337339,135.4063757
242,Akashi ,明石市 ,Hyōgo ,292162 ,49.24,5933 ,1919-11-01 ,[243],34.6431066,134.9971787
243,Nishinomiya ,西宮市 ,Hyōgo ,477056 ,99.96,4772 ,1925-04-01 ,[244],34.7375965,135.3415643
244,Ashiya ,芦屋市 ,Hyōgo ,92828 ,18.47,5026 ,1940-11-10 ,[245],34.7269496,135.3041623
245,Itami ,伊丹市 ,Hyōgo ,194488 ,24.97,7789 ,1940-11-10 ,[246],34.7843061,135.4009473
246,Aioi ,相生市 ,Hyōgo ,31973 ,90.45,353 ,1942-10-01 ,[247],34.8036006,134.4680664
247,Toyooka ,豊岡市 ,Hyōgo ,87555 ,697.66,125 ,1950-04-01 ,[248],35.5445754,134.8201814
248,Kakogawa ,加古川市 ,Hyōgo ,267631 ,138.51,1932 ,1950-06-15 ,[249],34.7569503,134.8411775
249,Akō ,赤穂市 ,Hyōgo ,51277 ,126.88,404 ,1951-09-01 ,[250],34.7549564,134.3902842
250,Takarazuka ,宝塚市 ,Hyōgo ,222071 ,101.8,2181 ,1954-04-01 ,[251],34.7997673,135.3600729
251,Miki ,三木市 ,Hyōgo ,83244 ,176.58,471 ,1954-06-01 ,[252],34.7969439,134.9901968
252,Takasago ,高砂市 ,Hyōgo ,94198 ,34.4,2738 ,1954-07-01 ,[253],34.7662013,134.7904417
253,Kawanishi ,川西市 ,Hyōgo ,157461 ,53.44,2947 ,1954-08-01 ,[254],34.8301347,135.417278
254,Ono ,小野市 ,Hyōgo ,49664 ,92.92,534 ,1954-12-01 ,[255],34.853193,134.9313762
255,Sanda ,三田市 ,Hyōgo ,113600 ,210.22,540 ,1958-07-01 ,[256],34.8899959,135.2254534
256,Kasai ,加西市 ,Hyōgo ,48435 ,150.95,321 ,1967-04-01 ,[257],34.9279363,134.8416219
257,Sasayama ,篠山市 ,Hyōgo ,44345 ,377.61,117 ,1999-04-01 ,[258],35.0756607,135.2190508
258,Yabu ,養父市 ,Hyōgo ,27428 ,422.78,64.9 ,2004-04-01 ,[259],35.4046571,134.767671
259,Tamba ,丹波市 ,Hyōgo ,69233 ,493.28,140 ,2004-11-01 ,[260],35.1771001,135.0358536
260,Minamiawaji ,南あわじ市 ,Hyōgo ,51069 ,229.18,223 ,2005-01-11 ,[261],34.2944796,134.7798555
261,Asago ,朝来市 ,Hyōgo ,34084 ,402.98,84.6 ,2005-04-01 ,[262],35.3396654,134.8531501
262,Awaji ,淡路市 ,Hyōgo ,47849 ,184.21,260 ,2005-04-01 ,[263],34.3257122,134.813111
263,Shisō ,宍粟市 ,Hyōgo ,42302 ,658.6,64.2 ,2005-04-01 ,[264],35.004417,134.5494659
264,Nishiwaki ,西脇市 ,Hyōgo ,43126 ,132.47,326 ,2005-10-01 ,[265],34.9933552,134.9691886
265,Tatsuno ,たつの市 ,Hyōgo ,80988 ,210.93,384 ,2005-10-01 ,[266],34.8578626,134.5453598
266,Sumoto ,洲本市 ,Hyōgo ,48631 ,182.47,267 ,2006-02-11 ,[267],34.3424262,134.8956197
267,Katō ,加東市 ,Hyōgo ,39935 ,157.49,254 ,2006-03-20 ,[268],34.9185731,134.9733813
268,Mito ,水戸市 ,Ibaraki ,264062 ,217.43,1214 ,1889-04-01 ,[269],36.3665027,140.4709965
269,Hitachi ,日立市 ,Ibaraki ,195844 ,225.55,868 ,1939-09-01 ,[270],36.5991539,140.6514693
270,Tsuchiura ,土浦市 ,Ibaraki ,143986 ,113.82,1265 ,1940-11-03 ,[271],36.0782972,140.2043331
271,Yūki ,結城市 ,Ibaraki ,52065 ,65.84,791 ,1954-03-15 ,[272],36.3054165,139.8766414
272,Ryūgasaki ,龍ヶ崎市 ,Ibaraki ,79295 ,78.2,1014 ,1954-03-20 ,[273],35.911594,140.1822645
273,Shimotsuma ,下妻市 ,Ibaraki ,45918 ,80.88,568 ,1954-06-01 ,[274],36.1845136,139.9673744
274,Jōsō ,常総市 ,Ibaraki ,65858 ,123.52,533 ,1954-07-10 ,[275],36.0234937,139.993617
275,Hitachiōta ,常陸太田市 ,Ibaraki ,58461 ,372.01,157 ,1954-07-15 ,[276],36.5382746,140.5309497
276,Takahagi ,高萩市 ,Ibaraki ,32031 ,193.65,165 ,1954-11-23 ,[277],36.719147,140.7166877
277,Kitaibaraki ,北茨城市 ,Ibaraki ,48437 ,186.55,260 ,1956-03-31 ,[278],36.8019113,140.7509791
278,Toride ,取手市 ,Ibaraki ,109953 ,69.96,1572 ,1970-10-01 ,[279],35.9114415,140.0504684
279,Ushiku ,牛久市 ,Ibaraki ,79254 ,58.88,1346 ,1986-06-01 ,[280],35.9793751,140.1495237
280,Tsukuba ,つくば市 ,Ibaraki ,207314 ,284.07,730 ,1987-11-30 ,[281],36.0834857,140.0766423
281,Hitachinaka ,ひたちなか市 ,Ibaraki ,155338 ,99.04,1568 ,1994-11-01 ,[282],36.3966149,140.5346762
282,Kashima ,鹿嶋市 ,Ibaraki ,65193 ,92.96,701 ,1995-09-01 ,[283],35.9657558,140.6448128
283,Itako ,潮来市 ,Ibaraki ,31103 ,62.67,496 ,2001-04-01 ,[284],35.9471227,140.5553722
284,Moriya ,守谷市 ,Ibaraki ,57793 ,35.63,1622 ,2002-02-02 ,[285],35.9514207,139.9753912
285,Hitachiōmiya ,常陸大宮市 ,Ibaraki ,46729 ,348.38,134 ,2004-10-16 ,[286],36.5425766,140.41089
286,Naka ,那珂市 ,Ibaraki ,54618 ,97.8,558 ,2005-01-21 ,[287],36.4574688,140.486854
287,Bandō ,坂東市 ,Ibaraki ,57128 ,123.18,464 ,2005-03-22 ,[288],36.0487383,139.8883204
288,Inashiki ,稲敷市 ,Ibaraki ,48125 ,178.12,270 ,2005-03-22 ,[289],35.97294,140.3036454
289,Chikusei ,筑西市 ,Ibaraki ,110813 ,205.35,540 ,2005-03-28 ,[290],36.3070525,139.9831233
290,Kasumigaura ,かすみがうら市 ,Ibaraki ,44450 ,118.77,374 ,2005-03-28 ,[291],36.0945289,140.3306914
291,Kamisu ,神栖市 ,Ibaraki ,93538 ,147.24,635 ,2005-08-01 ,[292],35.889966,140.6645134
292,Namegata ,行方市 ,Ibaraki ,39117 ,166.33,235 ,2005-09-02 ,[293],35.9904155,140.4890254
293,Koga ,古河市 ,Ibaraki ,144392 ,123.58,1168 ,2005-09-12 ,[294],36.1846451,139.7025248
294,Ishioka ,石岡市 ,Ibaraki ,80502 ,213.38,377 ,2005-10-01 ,[295],36.1909565,140.2885698
295,Sakuragawa ,桜川市 ,Ibaraki ,47480 ,179.78,264 ,2005-10-01 ,[296],36.3272504,140.0904332
296,Hokota ,鉾田市 ,Ibaraki ,50869 ,203.9,249 ,2005-10-11 ,[297],36.15864,140.5164611
297,Kasama ,笠間市 ,Ibaraki ,80646 ,240.27,336 ,2006-03-19 ,[298],36.3453,140.3043542
298,Tsukubamirai ,つくばみらい市 ,Ibaraki ,41957 ,79.14,530 ,2006-03-27 ,[299],35.9626656,140.0367116
299,Omitama ,小美玉市 ,Ibaraki ,52834 ,140.21,377 ,2006-03-27 ,[300],36.2393446,140.3525755
300,Kanazawa ,金沢市 ,Ishikawa ,455595 ,467.77,974 ,1889-04-01 ,[301],36.5613254,136.6562051
301,Nonoichi ,野々市市 ,Ishikawa ,51976 ,13.56,3800 ,2011-11-11 ,[302],36.5197044,136.6099711
302,Nanao ,七尾市 ,Ishikawa ,60140 ,317.96,189 ,1939-07-20 ,[303],37.043102,136.9675177
303,Komatsu ,小松市 ,Ishikawa ,109285 ,371.13,294 ,1940-12-01 ,[304],36.4083514,136.445571
304,Suzu ,珠洲市 ,Ishikawa ,17111 ,247.2,69.2 ,1954-07-15 ,[305],37.4363473,137.2604364
305,Hakui ,羽咋市 ,Ishikawa ,23963 ,81.96,292 ,1958-07-01 ,[306],36.8935987,136.7789962
306,Kahoku ,かほく市 ,Ishikawa ,34747 ,64.76,537 ,2004-03-01 ,[307],36.7198261,136.7067268
307,Hakusan ,白山市 ,Ishikawa ,110563 ,755.17,146 ,2005-02-01 ,[308],36.5144271,136.5658915
308,Nomi ,能美市 ,Ishikawa ,48106 ,83.85,574 ,2005-02-01 ,[309],36.4469409,136.5542417
309,Kaga ,加賀市 ,Ishikawa ,73745 ,306.0,241 ,2005-10-01 ,[310],36.3026243,136.3146271
310,Wajima ,輪島市 ,Ishikawa ,31532 ,426.25,74.0 ,2006-02-01 ,[311],37.3905901,136.8991957
311,Morioka ,盛岡市 ,Iwate ,299746 ,886.47,338 ,1889-04-01 ,[312],39.702053,141.1544838
312,Kamaishi ,釜石市 ,Iwate ,41348 ,441.42,93.7 ,1937-05-05 ,[313],39.2758183,141.8856772
313,Ōfunato ,大船渡市 ,Iwate ,42119 ,323.28,130 ,1952-04-01 ,[314],39.0819011,141.70853
314,Rikuzentakata ,陸前高田市 ,Iwate ,23961 ,232.29,103 ,1955-01-01 ,[315],39.0276607,141.6254946
315,Kitakami ,北上市 ,Iwate ,94806 ,437.55,217 ,1991-04-01 ,[316],39.2867646,141.1131909
316,Miyako ,宮古市 ,Iwate ,58342 ,696.82,83.7 ,2005-06-06 ,[317],39.6414202,141.9571395
317,Hachimantai ,八幡平市 ,Iwate ,29993 ,862.25,34.8 ,2005-09-01 ,[318],39.9564765,141.071292
318,Ichinoseki ,一関市 ,Iwate ,123155 ,1133.1,109 ,2005-09-20 ,[319],38.9346819,141.1268004
319,Tōno ,遠野市 ,Iwate ,30587 ,825.62,37.0 ,2005-10-01 ,[320],39.3278378,141.5333031
320,Hanamaki ,花巻市 ,Iwate ,103718 ,908.32,114 ,2006-01-01 ,[321],39.3885784,141.1166453
321,Ninohe ,二戸市 ,Iwate ,30685 ,420.31,73.0 ,2006-01-01 ,[322],40.2712133,141.3048166
322,Ōshū ,奥州市 ,Iwate ,128273 ,993.35,129 ,2006-02-20 ,[323],39.1445286,141.139141
323,Kuji ,久慈市 ,Iwate ,37824 ,623.14,60.7 ,2006-03-06 ,[324],40.1905242,141.7755826
324,Takizawa ,滝沢市 ,Iwate ,- ,182.32,- ,2014-01-01 ,[325],39.7346838,141.077095
325,Takamatsu ,高松市 ,Kagawa ,418557 ,375.11,1116 ,1890-02-15 ,[326],34.3427879,134.046574
326,Marugame ,丸亀市 ,Kagawa ,110550 ,111.79,989 ,1899-04-01 ,[327],34.2895062,133.7977056
327,Sakaide ,坂出市 ,Kagawa ,56501 ,92.46,611 ,1942-07-01 ,[328],34.3163193,133.8605102
328,Zentsūji ,善通寺市 ,Kagawa ,35180 ,39.88,882 ,1954-03-31 ,[329],34.2285327,133.7871132
329,Sanuki ,さぬき市 ,Kagawa ,54832 ,158.9,345 ,2002-04-01 ,[330],34.325207,134.1721196
330,Higashikagawa ,東かがわ市 ,Kagawa ,34953 ,153.35,228 ,2003-04-01 ,[331],34.2438086,134.3587426
331,Mitoyo ,三豊市 ,Kagawa ,69997 ,222.66,314 ,2006-01-01 ,[332],34.1825473,133.7152193
332,Kan'onji ,観音寺市 ,Kagawa ,64020 ,117.47,545 ,2007-03-12 ,[333],34.1284662,133.6628115
333,Kagoshima ,鹿児島市 ,Kagoshima ,605196 ,547.06,1106 ,1889-04-01 ,[334],31.5965535,130.5571158
334,Kanoya ,鹿屋市 ,Kagoshima ,105673 ,448.33,236 ,1941-05-27 ,[335],31.3782921,130.8520774
335,Makurazaki ,枕崎市 ,Kagoshima ,24400 ,74.88,326 ,1949-09-01 ,[336],31.2729002,130.2969045
336,Akune ,阿久根市 ,Kagoshima ,24166 ,134.3,180 ,1952-04-01 ,[337],32.0144696,130.1927734
337,Izumi ,出水市 ,Kagoshima ,56851 ,330.06,172 ,1954-04-01 ,[338],32.090572,130.3527529
338,Ibusuki ,指宿市 ,Kagoshima ,45455 ,149.01,305 ,1954-04-01 ,[339],31.2527702,130.6330314
339,Minamisatsuma ,南さつま市 ,Kagoshima ,40386 ,283.35,143 ,1954-07-15 ,[340],31.4166121,130.3234075
340,Nishinoomote ,西之表市 ,Kagoshima ,17666 ,205.75,85.9 ,1958-10-01 ,[341],30.7324118,130.9968353
341,Tarumizu ,垂水市 ,Kagoshima ,18078 ,162.01,112 ,1958-10-01 ,[342],31.4927344,130.7009143
342,Satsumasendai ,薩摩川内市 ,Kagoshima ,100730 ,683.5,147 ,2004-10-12 ,[343],31.8135171,130.3042445
343,Hioki ,日置市 ,Kagoshima ,51472 ,253.06,203 ,2005-05-01 ,[344],31.6337085,130.4024246
344,Soo ,曽於市 ,Kagoshima ,41179 ,390.39,105 ,2005-07-01 ,[345],31.653621,131.0193906
345,Ichikikushikino ,いちき串木野市 ,Kagoshima ,32079 ,112.04,286 ,2005-10-11 ,[346],31.7145528,130.2719288
346,Kirishima ,霧島市 ,Kagoshima ,127726 ,603.68,212 ,2005-11-07 ,[347],31.7408988,130.7629974
347,Shibushi ,志布志市 ,Kagoshima ,34105 ,289.93,118 ,2006-01-01 ,[348],31.495442,131.045336
348,Amami ,奄美市 ,Kagoshima ,48116 ,306.2,157 ,2006-03-20 ,[349],28.3772482,129.4937408
349,Minamikyūshū ,南九州市 ,Kagoshima ,40891 ,357.85,114 ,2007-12-01 ,[350],31.3782621,130.4416449
350,Isa ,伊佐市 ,Kagoshima ,- ,392.36,- ,2008-11-01 ,[351],32.0572252,130.6131048
351,Aira ,姶良市 ,Kagoshima ,- ,231.32,- ,2010-03-23 ,[352],31.7282284,130.6278159
352,Yokohama ,横浜市 ,Kanagawa ,3697894 ,437.38,8500 ,1889-04-01 ,[353],35.4437078,139.6380256
353,Yokosuka ,横須賀市 ,Kanagawa ,421397 ,100.68,4186 ,1907-02-15 ,[354],35.2813412,139.6722005
354,Kawasaki ,川崎市 ,Kanagawa ,1373630 ,142.7,9626 ,1924-07-01 ,[355],35.5308224,139.70304
355,Hiratsuka ,平塚市 ,Kanagawa ,260419 ,67.83,3839 ,1932-04-01 ,[356],35.3351103,139.3494762
356,Kamakura ,鎌倉市 ,Kanagawa ,173588 ,39.6,4384 ,1939-11-03 ,[357],35.3192254,139.5466868
357,Fujisawa ,藤沢市 ,Kanagawa ,402628 ,69.51,5792 ,1940-10-01 ,[358],35.3391703,139.490036
358,Odawara ,小田原市 ,Kanagawa ,198841 ,114.09,1743 ,1940-12-20 ,[359],35.2645639,139.1521538
359,Chigasaki ,茅ヶ崎市 ,Kanagawa ,231005 ,35.71,6469 ,1947-10-01 ,[360],35.3338429,139.4036386
360,Zushi ,逗子市 ,Kanagawa ,58654 ,17.34,3383 ,1954-04-15 ,[361],35.2956059,139.5804228
361,Sagamihara ,相模原市 ,Kanagawa ,706342 ,328.84,2148 ,1954-11-20 ,[362],35.5714621,139.3731765
362,Miura ,三浦市 ,Kanagawa ,49371 ,32.28,1529 ,1955-01-01 ,[363],35.1441706,139.6207704
363,Hadano ,秦野市 ,Kanagawa ,169201 ,103.61,1633 ,1955-01-01 ,[364],35.3747359,139.2199432
364,Atsugi ,厚木市 ,Kanagawa ,225163 ,93.83,2400 ,1955-02-01 ,[365],35.4430818,139.3624889
365,Yamato ,大和市 ,Kanagawa ,223127 ,27.06,8246 ,1959-02-01 ,[366],35.4875124,139.4579498
366,Isehara ,伊勢原市 ,Kanagawa ,100779 ,55.52,1815 ,1971-03-01 ,[367],35.4029686,139.3149729
367,Ebina ,海老名市 ,Kanagawa ,126035 ,26.48,4760 ,1971-11-01 ,[368],35.4464459,139.3908031
368,Zama ,座間市 ,Kanagawa ,127582 ,17.58,7257 ,1971-11-01 ,[369],35.4885872,139.4076731
369,Minamiashigara ,南足柄市 ,Kanagawa ,44285 ,76.93,576 ,1972-04-01 ,[370],35.3207145,139.0996003
370,Ayase ,綾瀬市 ,Kanagawa ,82083 ,22.28,3684 ,1978-11-01 ,[371],35.4371752,139.4261482
371,Kōchi ,高知市 ,Kōchi ,342944 ,309.22,1109 ,1889-04-01 ,[372],33.5595867,133.5292788
372,Sukumo ,宿毛市 ,Kōchi ,23771 ,286.11,83.1 ,1954-03-31 ,[373],32.9390085,132.7262855
373,Aki ,安芸市 ,Kōchi ,20555 ,317.34,64.8 ,1954-08-01 ,[374],33.5025463,133.9071661
374,Tosashimizu ,土佐清水市 ,Kōchi ,17421 ,266.54,65.4 ,1954-08-01 ,[375],32.7816335,132.9549889
375,Susaki ,須崎市 ,Kōchi ,25679 ,135.46,190 ,1954-10-01 ,[376],33.400745,133.282953
376,Tosa ,土佐市 ,Kōchi ,29726 ,91.59,325 ,1959-01-01 ,[377],33.4960442,133.4252918
377,Muroto ,室戸市 ,Kōchi ,17683 ,248.25,71.2 ,1959-03-01 ,[378],33.2900093,134.1520509
378,Nankoku ,南国市 ,Kōchi ,50315 ,125.35,401 ,1959-10-01 ,[379],33.5756706,133.6414597
379,Shimanto ,四万十市 ,Kōchi ,37182 ,632.42,58.8 ,2005-04-10 ,[380],32.9913841,132.9337494
380,Kami ,香美市 ,Kōchi ,29144 ,538.22,54.1 ,2006-03-01 ,[381],33.6037185,133.6860033
381,Kōnan ,香南市 ,Kōchi ,34084 ,126.49,269 ,2006-03-01 ,[382],33.5641705,133.7004882
382,Kumamoto ,熊本市 ,Kumamoto ,670348 ,267.23,2509 ,1889-04-01 ,[383],32.8031004,130.7078911
383,Yatsushiro ,八代市 ,Kumamoto ,134491 ,680.59,198 ,1940-09-01 ,[384],32.5074371,130.6017433
384,Hitoyoshi ,人吉市 ,Kumamoto ,36556 ,210.55,174 ,1942-02-11 ,[385],32.2100405,130.7625544
385,Arao ,荒尾市 ,Kumamoto ,55505 ,57.15,971 ,1942-04-01 ,[386],32.9868355,130.4329585
386,Minamata ,水俣市 ,Kumamoto ,28123 ,162.88,173 ,1949-04-01 ,[387],32.21188,130.4087225
387,Tamana ,玉名市 ,Kumamoto ,70747 ,152.55,464 ,1954-04-01 ,[388],32.9352202,130.5628395
388,Yamaga ,山鹿市 ,Kumamoto ,56741 ,299.67,189 ,1954-04-01 ,[389],33.0175778,130.6913646
389,Kikuchi ,菊池市 ,Kumamoto ,51471 ,276.66,186 ,1958-08-01 ,[390],32.9794831,130.8133329
390,Uto ,宇土市 ,Kumamoto ,37897 ,74.19,511 ,1958-10-01 ,[391],32.6873847,130.6585213
391,Kami-Amakusa ,上天草市 ,Kumamoto ,31051 ,126.13,246 ,2004-03-31 ,[392],32.5874193,130.4305268
392,Uki ,宇城市 ,Kumamoto ,62718 ,188.56,333 ,2005-01-15 ,[393],32.647847,130.6843654
393,Aso ,阿蘇市 ,Kumamoto ,29149 ,376.25,77.5 ,2005-02-11 ,[394],32.8869197,131.0841068
394,Kōshi ,合志市 ,Kumamoto ,53490 ,53.17,1006 ,2006-02-27 ,[395],32.8859878,130.789707
395,Amakusa ,天草市 ,Kumamoto ,93047 ,683.17,136 ,2006-03-27 ,[396],32.4586347,130.1929825
396,Kyoto ,京都市 ,Kyoto ,1474570 ,827.9,1800 ,1889-04-01 ,[397],35.0116363,135.7680294
397,Fukuchiyama ,福知山市 ,Kyoto ,80836 ,552.57,146 ,1937-04-01 ,[398],35.2967,135.1265628
398,Maizuru ,舞鶴市 ,Kyoto ,90461 ,342.15,264 ,1943-05-27 ,[399],35.4747971,135.3859918
399,Ayabe ,綾部市 ,Kyoto ,37081 ,347.11,107 ,1950-08-01 ,[400],35.2989163,135.258812
400,Uji ,宇治市 ,Kyoto ,191297 ,67.55,2832 ,1951-03-01 ,[401],34.8844606,135.7998544
401,Miyazu ,宮津市 ,Kyoto ,20565 ,169.32,121 ,1954-06-01 ,[402],35.5355767,135.1955665
402,Kameoka ,亀岡市 ,Kyoto ,93641 ,224.9,416 ,1955-01-01 ,[403],35.0134082,135.5736091
403,Jōyō ,城陽市 ,Kyoto ,80795 ,32.74,2468 ,1972-05-03 ,[404],34.8530082,135.7799739
404,Mukō ,向日市 ,Kyoto ,55137 ,7.67,7189 ,1972-10-01 ,[405],34.9487356,135.698288
405,Nagaokakyō ,長岡京市 ,Kyoto ,79031 ,19.18,4120 ,1972-10-01 ,[406],34.926771,135.6957852
406,Yawata ,八幡市 ,Kyoto ,73822 ,24.37,3029 ,1977-11-01 ,[407],34.8755551,135.7076209
407,Kyōtanabe ,京田辺市 ,Kyoto ,65211 ,42.94,1519 ,1997-04-01 ,[408],34.8144589,135.7676947
408,Kyōtango ,京丹後市 ,Kyoto ,60980 ,501.84,122 ,2004-04-01 ,[409],35.6241658,135.0610001
409,Nantan ,南丹市 ,Kyoto ,35937 ,616.31,58.3 ,2006-06-01 ,[410],35.1073741,135.4702596
410,Kizugawa ,木津川市 ,Kyoto ,66783 ,85.12,785 ,2007-03-12 ,[411],34.7371622,135.8201167
411,Yokkaichi ,四日市市 ,Mie ,306584 ,205.53,1492 ,1897-08-01 ,[412],34.9651567,136.6244847
412,Matsusaka ,松阪市 ,Mie ,169571 ,623.82,272 ,1933-02-01 ,[413],34.5779931,136.5275927
413,Kuwana ,桑名市 ,Mie ,140816 ,136.61,1031 ,1937-04-01 ,[414],35.0622161,136.683803
414,Suzuka ,鈴鹿市 ,Mie ,197437 ,194.67,1014 ,1942-12-01 ,[415],34.8818796,136.5842092
415,Nabari ,名張市 ,Mie ,81184 ,129.76,626 ,1954-03-31 ,[416],34.6276593,136.1082959
416,Owase ,尾鷲市 ,Mie ,21272 ,193.16,110 ,1954-06-20 ,[417],34.0707989,136.1909953
417,Kameyama ,亀山市 ,Mie ,50304 ,190.91,263 ,1954-10-01 ,[418],34.8557554,136.4516451
418,Toba ,鳥羽市 ,Mie ,22286 ,107.98,206 ,1954-11-01 ,[419],34.481435,136.8433615
419,Inabe ,いなべ市 ,Mie ,46676 ,219.58,213 ,2003-12-01 ,[420],35.0756763,136.5836972
420,Shima ,志摩市 ,Mie ,56758 ,179.7,316 ,2004-10-01 ,[421],34.3281595,136.8296906
421,Iga ,伊賀市 ,Mie ,99662 ,558.17,179 ,2004-11-01 ,[422],34.7685953,136.1299103
422,Ise ,伊勢市 ,Mie ,133547 ,208.53,640 ,2005-11-01 ,[423],34.4875144,136.7093359
423,Kumano ,熊野市 ,Mie ,20477 ,373.63,54.8 ,2005-11-01 ,[424],33.8886037,136.1002367
424,Tsu ,津市 ,Mie ,289215 ,710.81,407 ,2006-01-01 ,[425],34.718596,136.5056975
425,Sendai ,仙台市 ,Miyagi ,1029552 ,783.54,1314 ,1889-04-01 ,[426],38.268215,140.8693558
426,Ishinomaki ,石巻市 ,Miyagi ,163840 ,555.77,295 ,1933-04-01 ,[427],38.4344802,141.3029167
427,Shiogama ,塩竈市 ,Miyagi ,58057 ,17.86,3251 ,1941-11-23 ,[428],38.3143623,141.0220272
428,Shiroishi ,白石市 ,Miyagi ,38629 ,286.47,135 ,1954-04-01 ,[429],38.0024779,140.6198605
429,Natori ,名取市 ,Miyagi ,69610 ,100.06,696 ,1958-10-01 ,[430],38.1715199,140.8919132
430,Kakuda ,角田市 ,Miyagi ,32559 ,147.58,221 ,1958-10-01 ,[431],37.9770628,140.7819901
431,Tagajō ,多賀城市 ,Miyagi ,63200 ,19.65,3216 ,1971-11-01 ,[432],38.2938392,141.0042249
432,Iwanuma ,岩沼市 ,Miyagi ,44595 ,60.72,734 ,1971-11-01 ,[433],38.1042919,140.8701381
433,Tome ,登米市 ,Miyagi ,86940 ,536.38,162 ,2005-04-01 ,[434],38.6919226,141.1875786
434,Kurihara ,栗原市 ,Miyagi ,77862 ,804.93,96.7 ,2005-04-01 ,[435],38.7301283,141.0213331
435,Higashimatsushima ,東松島市 ,Miyagi ,43238 ,101.86,424 ,2005-04-01 ,[436],38.4261675,141.2102416
436,Kesennuma ,気仙沼市 ,Miyagi ,64578 ,226.67,285 ,2006-03-31 ,[437],38.9080785,141.5699919
437,Ōsaki ,大崎市 ,Miyagi ,137164 ,796.76,172 ,2006-03-31 ,[438],38.5770714,140.9553495
438,Miyazaki ,宮崎市 ,Miyazaki ,369473 ,596.8,619 ,1924-04-01 ,[439],31.9076736,131.4202411
439,Miyakonojō ,都城市 ,Miyazaki ,169384 ,653.31,259 ,1924-04-01 ,[440],31.7195903,131.0616214
440,Nobeoka ,延岡市 ,Miyazaki ,132480 ,867.97,153 ,1933-02-11 ,[441],32.5822723,131.6650094
441,Nichinan ,日南市 ,Miyazaki ,43264 ,294.46,147 ,1950-01-01 ,[442],31.6019319,131.3787279
442,Kobayashi ,小林市 ,Miyazaki ,40514 ,474.23,85.4 ,1950-04-01 ,[443],31.9967312,130.9725875
443,Hyūga ,日向市 ,Miyazaki ,63066 ,336.29,188 ,1951-04-01 ,[444],32.4229442,131.6239652
444,Kushima ,串間市 ,Miyazaki ,21386 ,294.96,72.5 ,1954-11-03 ,[445],31.4645389,131.2283032
445,Saito ,西都市 ,Miyazaki ,33290 ,438.56,75.9 ,1958-11-01 ,[446],32.1085538,131.4012025
446,Ebino ,えびの市 ,Miyazaki ,22445 ,283.0,79.3 ,1970-12-01 ,[447],32.0453441,130.8107962
447,Matsumoto ,松本市 ,Nagano ,227392 ,919.35,247 ,1907-05-01 ,[448],36.2380381,137.9720341
448,Okaya ,岡谷市 ,Nagano ,53722 ,85.14,631 ,1936-04-01 ,[449],36.0670115,138.0493255
449,Suwa ,諏訪市 ,Nagano ,52671 ,109.06,483 ,1941-08-10 ,[450],36.0391417,138.1141816
450,Suzaka ,須坂市 ,Nagano ,53097 ,149.84,354 ,1954-04-01 ,[451],36.6510973,138.3071917
451,Komoro ,小諸市 ,Nagano ,45333 ,98.66,459 ,1954-04-01 ,[452],36.3274191,138.4258801
452,Komagane ,駒ヶ根市 ,Nagano ,34696 ,165.92,209 ,1954-07-01 ,[453],35.728814,137.9337821
453,Ōmachi ,大町市 ,Nagano ,31276 ,564.99,55.4 ,1954-07-01 ,[454],36.5030179,137.8510941
454,Iiyama ,飯山市 ,Nagano ,24155 ,202.32,119 ,1954-08-01 ,[455],36.8517445,138.3654952
455,Iida ,飯田市 ,Nagano ,107129 ,658.76,163 ,1956-09-30 ,[456],35.5149777,137.8214466
456,Chino ,茅野市 ,Nagano ,57363 ,266.41,215 ,1958-08-01 ,[457],35.9955706,138.158893
457,Shiojiri ,塩尻市 ,Nagano ,67781 ,290.13,234 ,1959-04-01 ,[458],36.1149723,137.953449
458,Nagano ,長野市 ,Nagano ,378204 ,730.83,517 ,1966-10-16 ,[459],36.6485829,138.1947709
459,Chikuma ,千曲市 ,Nagano ,63305 ,119.84,528 ,2003-09-01 ,[460],36.5338965,138.1201078
460,Tōmi ,東御市 ,Nagano ,31211 ,112.3,278 ,2004-04-01 ,[461],36.3594773,138.3302472
461,Nakano ,中野市 ,Nagano ,46295 ,112.06,413 ,2005-04-01 ,[462],36.742044,138.3694503
462,Saku ,佐久市 ,Nagano ,100077 ,423.99,236 ,2005-04-01 ,[463],36.2488683,138.4768306
463,Azumino ,安曇野市 ,Nagano ,97084 ,331.82,293 ,2005-10-01 ,[464],36.303951,137.9058011
464,Ueda ,上田市 ,Nagano ,161887 ,552.0,293 ,2006-03-06 ,[465],36.4019115,138.2488888
465,Ina ,伊那市 ,Nagano ,71937 ,667.81,108 ,2006-03-31 ,[466],35.827481,137.9540801
466,Nagasaki ,長崎市 ,Nagasaki ,448792 ,406.37,1104 ,1889-04-01 ,[467],32.7502856,129.877667
467,Sasebo ,佐世保市 ,Nagasaki ,254650 ,364.0,700 ,1902-04-01 ,[468],33.1799153,129.7151101
468,Shimabara ,島原市 ,Nagasaki ,48953 ,82.77,591 ,1940-04-01 ,[469],32.7881027,130.370286
469,Ōmura ,大村市 ,Nagasaki ,89650 ,126.34,710 ,1942-02-11 ,[470],32.9000901,129.9581416
470,Tsushima ,対馬市 ,Nagasaki ,36347 ,708.81,51.3 ,2004-03-01 ,[471],34.2026624,129.2874904
471,Iki ,壱岐市 ,Nagasaki ,30352 ,138.5,219 ,2004-03-01 ,[472],33.788435,129.7137181
472,Gotō ,五島市 ,Nagasaki ,42447 ,420.77,101 ,2004-08-01 ,[473],32.6955241,128.8408292
473,Isahaya ,諫早市 ,Nagasaki ,142635 ,312.24,457 ,2005-03-01 ,[474],32.8434379,130.0530952
474,Saikai ,西海市 ,Nagasaki ,32737 ,241.95,135 ,2005-04-01 ,[475],32.9330669,129.642977
475,Hirado ,平戸市 ,Nagasaki ,36785 ,235.63,156 ,2005-10-01 ,[476],33.3680618,129.5536713
476,Unzen ,雲仙市 ,Nagasaki ,48701 ,206.92,235 ,2005-10-11 ,[477],32.8351972,130.1874996
477,Matsuura ,松浦市 ,Nagasaki ,26007 ,130.35,200 ,2006-01-01 ,[478],33.3410206,129.7090447
478,Minamishimabara ,南島原市 ,Nagasaki ,52347 ,169.88,308 ,2006-03-31 ,[479],32.6597769,130.2978639
479,Nara ,奈良市 ,Nara ,367393 ,276.84,1327 ,1898-02-01 ,[480],34.6850869,135.8050002
480,Yamatotakada ,大和高田市 ,Nara ,69473 ,16.49,4213 ,1948-01-01 ,[481],34.5150463,135.736392
481,Yamatokōriyama ,大和郡山市 ,Nara ,90223 ,42.68,2114 ,1954-01-01 ,[482],34.6493738,135.7827554
482,Tenri ,天理市 ,Nara ,70702 ,86.37,819 ,1954-04-01 ,[483],34.596647,135.8373313
483,Kashihara ,橿原市 ,Nara ,124679 ,39.52,3155 ,1956-02-11 ,[484],34.5094478,135.792626
484,Sakurai ,桜井市 ,Nara ,60699 ,98.92,614 ,1956-09-01 ,[485],34.5187142,135.8432157
485,Gojō ,五條市 ,Nara ,36002 ,292.05,123 ,1957-10-15 ,[486],34.3520304,135.6936323
486,Gose ,御所市 ,Nara ,31160 ,60.58,514 ,1958-03-31 ,[487],34.4633305,135.7402402
487,Ikoma ,生駒市 ,Nara ,115359 ,53.18,2169 ,1971-11-01 ,[488],34.6919598,135.7005364
488,Kashiba ,香芝市 ,Nara ,72967 ,24.23,3011 ,1991-10-01 ,[489],34.5412561,135.6989368
489,Katsuragi ,葛城市 ,Nara ,35194 ,33.73,1043 ,2004-10-01 ,[490],34.5111186,135.7069169
490,Uda ,宇陀市 ,Nara ,35895 ,247.62,145 ,2006-01-01 ,[491],34.5280289,135.9522692
491,Niigata ,新潟市 ,Niigata ,813053 ,726.1,1120 ,1889-04-01 ,[492],37.9161924,139.0364126
492,Nagaoka ,長岡市 ,Niigata ,281222 ,840.88,334 ,1906-04-01 ,[493],37.4462652,138.8512772
493,Kashiwazaki ,柏崎市 ,Niigata ,93506 ,442.7,211 ,1940-07-01 ,[494],37.3718999,138.5589836
494,Shibata ,新発田市 ,Niigata ,103490 ,532.82,194 ,1947-01-01 ,[495],37.9508856,139.3278923
495,Ojiya ,小千谷市 ,Niigata ,39304 ,155.12,253 ,1954-03-10 ,[496],37.3143385,138.7950996
496,Kamo ,加茂市 ,Niigata ,30800 ,133.68,230 ,1954-03-10 ,[497],37.6662746,139.0401981
497,Mitsuke ,見附市 ,Niigata ,42139 ,77.96,541 ,1954-03-31 ,[498],37.5316041,138.9128247
498,Murakami ,村上市 ,Niigata ,30197 ,142.12,212 ,1954-03-31 ,[499],38.223979,139.4800209
499,Myōkō ,妙高市 ,Niigata ,36837 ,445.52,82.7 ,1954-11-01 ,[500],37.0251963,138.2534728
500,Jōetsu ,上越市 ,Niigata ,206175 ,973.32,212 ,1971-04-29 ,[501],37.1478477,138.2360802
501,Sado ,佐渡市 ,Niigata ,65037 ,855.26,76.0 ,2004-03-01 ,[502],38.0183525,138.368082
502,Agano ,阿賀野市 ,Niigata ,46158 ,192.72,240 ,2004-04-01 ,[503],37.834501,139.2259831
503,Uonuma ,魚沼市 ,Niigata ,42334 ,946.93,44.7 ,2004-11-01 ,[504],37.2441239,138.924361
504,Minami-Uonuma ,南魚沼市 ,Niigata ,62518 ,584.82,107 ,2004-11-01 ,[505],37.1614277,138.9254479
505,Itoigawa ,糸魚川市 ,Niigata ,48653 ,746.24,65.2 ,2005-03-19 ,[506],37.0390282,137.8626522
506,Tōkamachi ,十日町市 ,Niigata ,60480 ,589.92,103 ,2005-04-01 ,[507],37.1275822,138.7557076
507,Sanjō ,三条市 ,Niigata ,103199 ,432.01,239 ,2005-05-01 ,[508],37.6367679,138.961689
508,Tainai ,胎内市 ,Niigata ,32165 ,265.18,121 ,2005-09-01 ,[509],38.0597108,139.4103418
509,Gosen ,五泉市 ,Niigata ,55936 ,351.87,159 ,2006-01-01 ,[510],37.7445357,139.1825675
510,Tsubame ,燕市 ,Niigata ,82910 ,110.88,748 ,2006-03-20 ,[511],37.6731518,138.8822296
511,Ōita ,大分市 ,Ōita ,467267 ,501.25,932 ,1911-04-01 ,[512],33.2395578,131.609272
512,Beppu ,別府市 ,Ōita ,127345 ,125.15,1018 ,1924-04-01 ,[513],33.28462,131.4912138
513,Nakatsu ,中津市 ,Ōita ,84179 ,491.09,171 ,1929-04-20 ,[514],33.5982211,131.1883247
514,Hita ,日田市 ,Ōita ,72601 ,666.19,109 ,1940-12-11 ,[515],33.3213327,130.9409659
515,Saiki ,佐伯市 ,Ōita ,78675 ,903.44,87.1 ,1941-04-29 ,[516],32.959806,131.9000575
516,Usuki ,臼杵市 ,Ōita ,42464 ,291.07,146 ,1950-04-01 ,[517],33.1260115,131.8051243
517,Tsukumi ,津久見市 ,Ōita ,20561 ,79.53,259 ,1951-04-01 ,[518],33.0721832,131.8612771
518,Taketa ,竹田市 ,Ōita ,25449 ,477.59,53.3 ,1954-03-31 ,[519],32.9737199,131.3980022
519,Bungotakada ,豊後高田市 ,Ōita ,24484 ,206.64,118 ,1954-05-31 ,[520],33.5561601,131.4470905
520,Usa ,宇佐市 ,Ōita ,59971 ,439.12,137 ,1967-04-01 ,[521],33.5319719,131.3495446
521,Bungo-ōno ,豊後大野市 ,Ōita ,40409 ,603.36,67.0 ,2005-03-31 ,[522],32.9775361,131.5841334
522,Kitsuki ,杵築市 ,Ōita ,33465 ,280.01,120 ,2005-10-01 ,[523],33.417026,131.6160889
523,Yufu ,由布市 ,Ōita ,35298 ,319.16,111 ,2005-10-01 ,[524],33.1800131,131.4268555
524,Kunisaki ,国東市 ,Ōita ,33473 ,317.81,105 ,2006-03-31 ,[525],33.5633274,131.7323015
525,Okayama ,岡山市 ,Okayama ,701293 ,789.91,887 ,1889-06-01 ,[526],34.6551456,133.9195019
526,Kurashiki ,倉敷市 ,Okayama ,472452 ,354.71,1332 ,1928-04-01 ,[527],34.5850134,133.7720841
527,Tsuyama ,津山市 ,Okayama ,109493 ,506.36,216 ,1929-02-11 ,[528],35.0691155,134.0045428
528,Tamano ,玉野市 ,Okayama ,65723 ,103.63,634 ,1940-08-03 ,[529],34.4919434,133.945987
529,Kasaoka ,笠岡市 ,Okayama ,55987 ,136.03,412 ,1952-04-01 ,[530],34.5071797,133.5074409
530,Ibara ,井原市 ,Okayama ,44423 ,243.36,183 ,1953-04-01 ,[531],34.5976718,133.4636814
531,Sōja ,総社市 ,Okayama ,66789 ,212.0,315 ,1954-03-31 ,[532],34.6728073,133.7465284
532,Takahashi ,高梁市 ,Okayama ,37573 ,547.01,68.7 ,1954-05-01 ,[533],34.7910227,133.6167325
533,Niimi ,新見市 ,Okayama ,35022 ,793.27,44.1 ,1954-06-01 ,[534],34.9770301,133.4703064
534,Bizen ,備前市 ,Okayama ,39117 ,258.23,151 ,1971-04-01 ,[535],34.7451595,134.1880436
535,Setouchi ,瀬戸内市 ,Okayama ,38645 ,125.53,308 ,2004-11-01 ,[536],34.6648872,134.0928459
536,Akaiwa ,赤磐市 ,Okayama ,43742 ,209.43,209 ,2005-03-07 ,[537],34.7553875,134.0188399
537,Maniwa ,真庭市 ,Okayama ,50405 ,828.43,60.8 ,2005-03-31 ,[538],35.0756019,133.75273
538,Mimasaka ,美作市 ,Okayama ,31550 ,429.19,73.5 ,2005-03-31 ,[539],35.0085882,134.1485722
539,Asakuchi ,浅口市 ,Okayama ,37108 ,66.46,558 ,2006-03-21 ,[540],34.5278392,133.5849216
540,Naha ,那覇市 ,Okinawa ,314162 ,39.23,7963 ,1921-05-20 ,[541],26.2123124,127.6791568
541,Ishigaki ,石垣市 ,Okinawa ,46489 ,229.0,195 ,1947-07-10 ,[542],24.3406606,124.1555804
542,Ginowan ,宜野湾市 ,Okinawa ,91233 ,19.7,4569 ,1962-07-01 ,[543],26.2815751,127.7786343
543,Urasoe ,浦添市 ,Okinawa ,108052 ,19.09,5516 ,1970-07-01 ,[544],26.2458164,127.7217987
544,Nago ,名護市 ,Okinawa ,60598 ,210.3,278 ,1970-08-01 ,[545],26.5915465,127.9773162
545,Itoman ,糸満市 ,Okinawa ,56171 ,46.63,1200 ,1971-12-01 ,[546],26.1235841,127.6658145
546,Okinawa ,沖縄市 ,Okinawa ,128421 ,49.0,2565 ,1974-04-01 ,[547],26.3344266,127.8055832
547,Tomigusuku ,豊見城市 ,Okinawa ,54586 ,19.45,2751 ,2002-04-01 ,[548],26.1610061,127.668944
548,Uruma ,うるま市 ,Okinawa ,114087 ,86.03,1313 ,2005-04-01 ,[549],26.4270624,127.8290812
549,Miyakojima ,宮古島市 ,Okinawa ,52777 ,204.54,275 ,2005-10-01 ,[550],24.80549,125.2811486
550,Nanjō ,南城市 ,Okinawa ,39458 ,49.7,819 ,2006-01-01 ,[551],26.1444519,127.7669666
551,Osaka ,大阪市 ,Osaka ,2668586 ,222.3,11900 ,1889-04-01 ,[552],34.6937378,135.5021651
552,Sakai ,堺市 ,Osaka ,835333 ,149.99,5569 ,1889-04-01 ,[553],34.573262,135.482998
553,Kishiwada ,岸和田市 ,Osaka ,200538 ,72.24,2776 ,1922-11-01 ,[554],34.4606341,135.3708291
554,Toyonaka ,豊中市 ,Osaka ,387269 ,36.38,10645 ,1936-10-15 ,[555],34.7812658,135.4697387
555,Ikeda ,池田市 ,Osaka ,104426 ,22.09,4727 ,1939-04-29 ,[556],34.8217051,135.4284439
556,Suita ,吹田市 ,Osaka ,354600 ,36.11,9820 ,1940-04-01 ,[557],34.7594526,135.51686
557,Izumiōtsu ,泉大津市 ,Osaka ,78014 ,12.8,6095 ,1942-04-01 ,[558],34.5042794,135.4104641
558,Takatsuki ,高槻市 ,Osaka ,354228 ,105.31,3364 ,1943-01-01 ,[559],34.8461585,135.6172716
559,Kaizuka ,貝塚市 ,Osaka ,90447 ,43.99,2056 ,1943-05-01 ,[560],34.4375837,135.358517
560,Moriguchi ,守口市 ,Osaka ,146294 ,12.73,11492 ,1946-11-01 ,[561],34.7376953,135.5639036
561,Hirakata ,枚方市 ,Osaka ,406201 ,65.08,6242 ,1947-08-01 ,[562],34.8143402,135.6506583
562,Ibaraki ,茨木市 ,Osaka ,272240 ,76.52,3558 ,1948-01-01 ,[563],34.8163384,135.5685046
563,Yao ,八尾市 ,Osaka ,273244 ,41.71,6551 ,1948-04-01 ,[564],34.6268635,135.6009775
564,Izumisano ,泉佐野市 ,Osaka ,99636 ,55.03,1811 ,1948-04-01 ,[565],34.4068477,135.3273374
565,Tondabayashi ,富田林市 ,Osaka ,122205 ,39.66,3081 ,1950-04-01 ,[566],34.4995274,135.5971277
566,Neyagawa ,寝屋川市 ,Osaka ,239029 ,24.73,9666 ,1951-05-03 ,[567],34.7660929,135.6280998
567,Kawachinagano ,河内長野市 ,Osaka ,114428 ,109.61,1044 ,1954-04-01 ,[568],34.4580844,135.5642257
568,Matsubara ,松原市 ,Osaka ,125274 ,16.66,7519 ,1955-02-01 ,[569],34.5778791,135.5518501
569,Daitō ,大東市 ,Osaka ,125847 ,18.27,6888 ,1956-04-01 ,[570],34.7120153,135.6236594
570,Izumi ,和泉市 ,Osaka ,179352 ,84.98,2110 ,1956-09-01 ,[571],34.483527,135.4235574
571,Minoh ,箕面市 ,Osaka ,127757 ,47.84,2671 ,1956-12-01 ,[572],34.8269301,135.4704626
572,Kashiwara ,柏原市 ,Osaka ,75875 ,25.39,2988 ,1958-10-01 ,[573],34.5793052,135.6286422
573,Habikino ,羽曳野市 ,Osaka ,118281 ,26.44,4474 ,1959-01-15 ,[574],34.5580348,135.6062119
574,Kadoma ,門真市 ,Osaka ,130026 ,12.28,10588 ,1963-08-01 ,[575],34.7395423,135.5868904
575,Settsu ,摂津市 ,Osaka ,84330 ,14.88,5667 ,1966-11-01 ,[576],34.7773564,135.5618168
576,Takaishi ,高石市 ,Osaka ,60077 ,11.35,5293 ,1966-11-01 ,[577],34.5207172,135.4424524
577,Fujiidera ,藤井寺市 ,Osaka ,65892 ,8.89,7412 ,1966-11-01 ,[578],34.5742772,135.5974737
578,Higashiōsaka ,東大阪市 ,Osaka ,509157 ,61.81,8237 ,1967-02-01 ,[579],34.6793301,135.6010123
579,Sennan ,泉南市 ,Osaka ,64916 ,48.48,1339 ,1970-07-01 ,[580],34.3660047,135.2733393
580,Shijōnawate ,四条畷市 ,Osaka ,57239 ,18.74,3054 ,1970-07-01 ,[581],34.7399405,135.6395329
581,Katano ,交野市 ,Osaka ,77853 ,25.55,3047 ,1971-11-03 ,[582],34.7879438,135.6799533
582,Ōsakasayama ,大阪狭山市 ,Osaka ,58661 ,11.86,4946 ,1987-10-01 ,[583],34.5037954,135.5556927
583,Hannan ,阪南市 ,Osaka ,56853 ,36.1,1575 ,1991-10-01 ,[584],34.3595827,135.2396697
584,Tosu ,鳥栖市 ,Saga ,66842 ,71.73,932 ,1954-04-01 ,[585],33.3777547,130.506258
585,Imari ,伊万里市 ,Saga ,57604 ,254.99,226 ,1954-04-01 ,[586],33.2645856,129.880269
586,Kashima ,鹿島市 ,Saga ,31326 ,112.1,279 ,1954-04-01 ,[587],33.1037238,130.098769
587,Taku ,多久市 ,Saga ,22165 ,96.93,229 ,1954-05-01 ,[588],33.28851,130.1100606
588,Karatsu ,唐津市 ,Saga ,129194 ,487.45,265 ,2005-01-01 ,[589],33.4501738,129.9681335
589,Ogi ,小城市 ,Saga ,45516 ,95.85,475 ,2005-03-01 ,[590],33.2736648,130.2168637
590,Saga ,佐賀市 ,Saga ,239932 ,431.42,556 ,2005-10-01 ,[591],33.263482,130.3008576
591,Ureshino ,嬉野市 ,Saga ,29644 ,126.51,234 ,2006-01-01 ,[592],33.1280839,130.0601144
592,Takeo ,武雄市 ,Saga ,50788 ,195.44,260 ,2006-03-01 ,[593],33.1937487,130.0191505
593,Kanzaki ,神埼市 ,Saga ,33449 ,125.01,268 ,2006-03-20 ,[594],33.3107627,130.3730603
594,Kawagoe ,川越市 ,Saitama ,335693 ,109.16,3075 ,1922-12-01 ,[595],35.9251006,139.485793
595,Kawaguchi ,川口市 ,Saitama ,552883 ,61.97,8922 ,1933-04-01 ,[596],35.8077379,139.7241712
596,Gyōda ,行田市 ,Saitama ,87462 ,67.37,1298 ,1949-05-03 ,[597],36.1389486,139.4556427
597,Chichibu ,秩父市 ,Saitama ,69139 ,577.69,120 ,1950-04-01 ,[598],35.9920551,139.0848169
598,Tokorozawa ,所沢市 ,Saitama ,338560 ,71.99,4703 ,1950-11-03 ,[599],35.7996715,139.4686101
599,Hannō ,飯能市 ,Saitama ,84053 ,193.16,435 ,1954-01-01 ,[600],35.8557309,139.327734
600,Kazo ,加須市 ,Saitama ,67862 ,59.4,1142 ,1954-05-03 ,[601],36.1314381,139.6017194
601,Higashimatsuyama ,東松山市 ,Saitama ,90840 ,65.33,1390 ,1954-07-01 ,[602],36.0421262,139.3999588
602,Sayama ,狭山市 ,Saitama ,156634 ,49.04,3194 ,1954-07-01 ,[603],35.8529421,139.4122129
603,Hanyū ,羽生市 ,Saitama ,56820 ,58.55,970 ,1954-09-01 ,[604],36.1726261,139.5484646
604,Kōnosu ,鴻巣市 ,Saitama ,119768 ,67.49,1775 ,1954-09-30 ,[605],36.0657584,139.5221694
605,Ageo ,上尾市 ,Saitama ,222479 ,45.55,4884 ,1958-07-15 ,[606],35.9773805,139.5932055
606,Sōka ,草加市 ,Saitama ,237964 ,27.42,8678 ,1958-11-01 ,[607],35.8253547,139.8054022
607,Koshigaya ,越谷市 ,Saitama ,318592 ,60.31,5283 ,1958-11-03 ,[608],35.8910841,139.7909377
608,Warabi ,蕨市 ,Saitama ,70410 ,5.1,13806 ,1959-04-01 ,[609],35.825634,139.679708
609,Toda ,戸田市 ,Saitama ,118591 ,18.17,6527 ,1966-10-01 ,[610],35.8176157,139.6778917
610,Iruma ,入間市 ,Saitama ,148203 ,44.74,3313 ,1966-11-01 ,[611],35.8357657,139.3910576
611,Asaka ,朝霞市 ,Saitama ,126902 ,18.38,6904 ,1967-03-15 ,[612],35.7972524,139.5939165
612,Shiki ,志木市 ,Saitama ,68531 ,9.06,7564 ,1970-10-26 ,[613],35.8367501,139.5803194
613,Wakō ,和光市 ,Saitama ,78575 ,11.04,7117 ,1970-10-31 ,[614],35.7812079,139.6057934
614,Niiza ,新座市 ,Saitama ,155926 ,22.8,6839 ,1970-11-01 ,[615],35.7935109,139.565369
615,Okegawa ,桶川市 ,Saitama ,74703 ,25.26,2957 ,1970-11-03 ,[616],36.0057789,139.5425311
616,Kuki ,久喜市 ,Saitama ,71667 ,25.35,2827 ,1971-10-01 ,[617],36.0619954,139.666838
617,Kitamoto ,北本市 ,Saitama ,69903 ,19.84,3523 ,1971-11-03 ,[618],36.0267679,139.5302112
618,Yashio ,八潮市 ,Saitama ,78601 ,18.03,4359 ,1972-01-15 ,[619],35.822536,139.8391748
619,Fujimi ,富士見市 ,Saitama ,105286 ,19.7,5344 ,1972-04-10 ,[620],35.8567586,139.5490737
620,Misato ,三郷市 ,Saitama ,128956 ,30.16,4276 ,1972-05-03 ,[621],35.8301491,139.8722748
621,Hasuda ,蓮田市 ,Saitama ,63375 ,27.27,2324 ,1972-10-01 ,[622],35.9943071,139.6621058
622,Sakado ,坂戸市 ,Saitama ,99680 ,40.97,2433 ,1976-09-01 ,[623],35.9571698,139.4029055
623,Satte ,幸手市 ,Saitama ,53485 ,33.95,1575 ,1986-10-01 ,[624],36.0780722,139.7258607
624,Tsurugashima ,鶴ヶ島市 ,Saitama ,70131 ,17.73,3955 ,1991-09-01 ,[625],35.934515,139.3930979
625,Hidaka ,日高市 ,Saitama ,55454 ,47.5,1167 ,1991-10-01 ,[626],35.9077959,139.3390264
626,Yoshikawa ,吉川市 ,Saitama ,63050 ,31.62,1994 ,1996-04-01 ,[627],35.8911519,139.841375
627,Saitama ,さいたま市 ,Saitama ,1192418 ,217.49,5483 ,2001-05-01 ,[628],35.8617292,139.6454822
628,Kumagaya ,熊谷市 ,Saitama ,204853 ,159.88,1281 ,2005-10-01 ,[629],36.1473097,139.3886446
629,Kasukabe ,春日部市 ,Saitama ,236854 ,65.98,3590 ,2005-10-01 ,[630],35.9751984,139.7523007
630,Fujimino ,ふじみ野市 ,Saitama ,103724 ,14.67,7070 ,2005-10-01 ,[631],35.8795383,139.5197639
631,Fukaya ,深谷市 ,Saitama ,146128 ,137.58,1062 ,2006-01-01 ,[632],36.1974437,139.2814638
632,Honjō ,本庄市 ,Saitama ,81805 ,89.71,912 ,2006-01-10 ,[633],36.2435676,139.190393
633,Ōtsu ,大津市 ,Shiga ,329024 ,464.1,709 ,1898-10-01 ,[634],35.0178929,135.8546074
634,Hikone ,彦根市 ,Shiga ,110945 ,196.84,564 ,1937-02-11 ,[635],35.274461,136.2596226
635,Ōmihachiman ,近江八幡市 ,Shiga ,69116 ,153.09,451 ,1954-03-31 ,[636],35.1283386,136.0979067
636,Kusatsu ,草津市 ,Shiga ,123512 ,67.92,1818 ,1954-10-15 ,[637],35.0131341,135.959936
637,Moriyama ,守山市 ,Shiga ,74263 ,54.81,1355 ,1970-07-01 ,[638],35.0589401,135.9944042
638,Rittō ,栗東市 ,Shiga ,62353 ,52.75,1182 ,2001-10-01 ,[639],35.0216168,135.9979959
639,Kōka ,甲賀市 ,Shiga ,94007 ,481.69,195 ,2004-10-01 ,[640],34.9661392,136.167092
640,Yasu ,野洲市 ,Shiga ,49821 ,81.07,615 ,2004-10-01 ,[641],35.0674538,136.0258504
641,Konan ,湖南市 ,Shiga ,55144 ,70.49,782 ,2004-10-01 ,[642],35.0041503,136.0846787
642,Takashima ,高島市 ,Shiga ,52967 ,693.0,76.4 ,2005-01-01 ,[643],35.3530713,136.0358297
643,Higashiōmi ,東近江市 ,Shiga ,117487 ,388.58,302 ,2005-02-11 ,[644],35.1124558,136.2077649
644,Maibara ,米原市 ,Shiga ,40757 ,250.46,163 ,2005-02-14 ,[645],35.3615849,136.370192
645,Nagahama ,長浜市 ,Shiga ,83555 ,247.01,338 ,2006-02-13 ,[646],35.3808146,136.2787218
646,Matsue ,松江市 ,Shimane ,195875 ,530.27,369 ,1889-04-01 ,[647],35.4680595,133.048375
647,Izumo ,出雲市 ,Shimane ,146115 ,543.48,269 ,1941-11-03 ,[648],35.3670351,132.7546815
648,Masuda ,益田市 ,Shimane ,50980 ,733.16,69.5 ,1952-08-01 ,[649],34.6748172,131.842862
649,Yasugi ,安来市 ,Shimane ,42997 ,420.97,102 ,1954-04-01 ,[650],35.4314422,133.2509151
650,Gōtsu ,江津市 ,Shimane ,26958 ,268.51,100 ,1954-04-01 ,[651],35.0114175,132.2209303
651,Unnan ,雲南市 ,Shimane ,43269 ,553.37,78.2 ,2004-11-01 ,[652],35.3077257,132.9002994
652,Hamada ,浜田市 ,Shimane ,61325 ,689.6,88.9 ,2005-10-01 ,[653],34.8993025,132.0797833
653,Ōda ,大田市 ,Shimane ,39593 ,436.11,90.8 ,2005-10-01 ,[654],35.1921063,132.4992932
654,Shizuoka ,静岡市 ,Shizuoka ,710944 ,1388.78,512 ,1889-04-01 ,[655],34.9771201,138.3830845
655,Hamamatsu ,浜松市 ,Shizuoka ,811431 ,1511.17,537 ,1911-07-01 ,[656],34.7108344,137.7261258
656,Numazu ,沼津市 ,Shizuoka ,206818 ,187.11,1105 ,1923-07-01 ,[657],35.0955842,138.8634925
657,Atami ,熱海市 ,Shizuoka ,40524 ,61.56,658 ,1937-04-10 ,[658],35.0962764,139.0717047
658,Mishima ,三島市 ,Shizuoka ,112320 ,62.13,1808 ,1941-04-29 ,[659],35.1184025,138.9185126
659,Fujinomiya ,富士宮市 ,Shizuoka ,122122 ,314.81,388 ,1942-06-01 ,[660],35.2220541,138.6216428
660,Itō ,伊東市 ,Shizuoka ,72038 ,124.13,580 ,1947-08-10 ,[661],34.9656705,139.1019363
661,Shimada ,島田市 ,Shizuoka ,95762 ,195.4,490 ,1948-01-01 ,[662],34.8363636,138.1759966
662,Iwata ,磐田市 ,Shizuoka ,172583 ,164.08,1052 ,1948-04-01 ,[663],34.7179035,137.8515133
663,Yaizu ,焼津市 ,Shizuoka ,120331 ,46.01,2615 ,1951-03-01 ,[664],34.8669202,138.3231893
664,Kakegawa ,掛川市 ,Shizuoka ,118660 ,265.63,447 ,1954-03-31 ,[665],34.7687667,137.998168
665,Fujieda ,藤枝市 ,Shizuoka ,129637 ,140.74,921 ,1954-03-31 ,[666],34.8673673,138.2574584
666,Gotenba ,御殿場市 ,Shizuoka ,88078 ,194.63,453 ,1955-02-11 ,[667],35.3085842,138.9345062
667,Fukuroi ,袋井市 ,Shizuoka ,85163 ,108.56,784 ,1958-11-03 ,[668],34.7501735,137.9246792
668,Fuji ,富士市 ,Shizuoka ,237279 ,214.1,1108 ,1966-11-01 ,[669],35.1613985,138.6762728
669,Shimoda ,下田市 ,Shizuoka ,25784 ,104.7,246 ,1971-01-01 ,[670],34.6795334,138.945316
670,Susono ,裾野市 ,Shizuoka ,53740 ,138.39,388 ,1971-01-01 ,[671],35.1738825,138.9067292
671,Kosai ,湖西市 ,Shizuoka ,44545 ,55.08,809 ,1972-01-01 ,[672],34.7184655,137.5316257
672,Izu ,伊豆市 ,Shizuoka ,35911 ,363.97,98.7 ,2004-04-01 ,[673],34.9765857,138.946704
673,Omaezaki ,御前崎市 ,Shizuoka ,35015 ,65.85,532 ,2004-04-01 ,[674],34.6379866,138.1281269
674,Kikugawa ,菊川市 ,Shizuoka ,47702 ,94.24,506 ,2005-01-17 ,[675],34.7577461,138.0845816
675,Izunokuni ,伊豆の国市 ,Shizuoka ,49711 ,94.71,525 ,2005-04-01 ,[676],35.0277354,138.9289209
676,Makinohara ,牧之原市 ,Shizuoka ,49726 ,111.5,446 ,2005-10-11 ,[677],34.7400427,138.2246522
677,Utsunomiya ,宇都宮市 ,Tochigi ,507833 ,416.84,1218 ,1896-04-01 ,[678],36.5551124,139.8828072
678,Ashikaga ,足利市 ,Tochigi ,157793 ,177.82,887 ,1921-01-01 ,[679],36.3401513,139.4496984
679,Tochigi ,栃木市 ,Tochigi ,81601 ,122.06,669 ,1937-04-01 ,[680],36.3823804,139.734081
680,Kanuma ,鹿沼市 ,Tochigi ,103690 ,490.62,211 ,1948-10-10 ,[681],36.5671105,139.7450127
681,Oyama ,小山市 ,Tochigi ,162283 ,171.61,946 ,1954-03-31 ,[682],36.3146714,139.800131
682,Mooka ,真岡市 ,Tochigi ,66705 ,111.76,597 ,1954-10-01 ,[683],36.4404189,140.0134416
683,Ōtawara ,大田原市 ,Tochigi ,78563 ,354.12,222 ,1954-12-01 ,[684],36.871484,140.0174187
684,Yaita ,矢板市 ,Tochigi ,35462 ,170.66,208 ,1958-11-01 ,[685],36.8066862,139.924054
685,Nasushiobara ,那須塩原市 ,Tochigi ,115633 ,592.82,195 ,2005-01-01 ,[686],36.961698,140.046066
686,Sano ,佐野市 ,Tochigi ,123034 ,356.07,346 ,2005-02-28 ,[687],36.3143491,139.578341
687,Sakura ,さくら市 ,Tochigi ,42403 ,125.46,338 ,2005-03-28 ,[688],36.6853014,139.9664523
688,Nasukarasuyama ,那須烏山市 ,Tochigi ,30433 ,174.42,174 ,2005-10-01 ,[689],36.6568934,140.1514256
689,Shimotsuke ,下野市 ,Tochigi ,59459 ,74.58,797 ,2006-01-10 ,[690],36.3951438,139.8520771
690,Nikkō ,日光市 ,Tochigi ,92181 ,1449.87,63.6 ,2006-03-20 ,[691],36.7199026,139.6982161
691,Tokushima ,徳島市 ,Tokushima ,266370 ,191.39,1392 ,1889-10-01 ,[692],34.0702703,134.5548438
692,Naruto ,鳴門市 ,Tokushima ,62453 ,135.46,461 ,1947-03-15 ,[693],34.1725623,134.6087858
693,Komatsushima ,小松島市 ,Tokushima ,41540 ,45.24,918 ,1951-06-01 ,[694],34.0047114,134.5906739
694,Anan ,阿南市 ,Tokushima ,77099 ,279.39,276 ,1958-05-01 ,[695],33.9220312,134.6595323
695,Yoshinogawa ,吉野川市 ,Tokushima ,44905 ,144.19,311 ,2004-10-01 ,[696],34.0256886,134.2598331
696,Mima ,美馬市 ,Tokushima ,33520 ,367.38,91.2 ,2005-03-01 ,[697],34.0534034,134.1697495
697,Awa ,阿波市 ,Tokushima ,40303 ,190.97,211 ,2005-04-01 ,[698],34.1021478,134.2974365
698,Miyoshi ,三好市 ,Tokushima ,32329 ,721.48,44.8 ,2006-03-01 ,[699],34.0260411,133.8072634
699,Hachiōji ,八王子市 ,Tokyo ,567367 ,186.31,3045 ,1917-09-01 ,[700],35.6663394,139.3158056
700,Tachikawa ,立川市 ,Tokyo ,175639 ,24.38,7204 ,1940-12-01 ,[701],35.7140142,139.4078431
701,Musashino ,武蔵野市 ,Tokyo ,138516 ,10.73,12909 ,1947-11-03 ,[702],35.7177841,139.56626
702,Mitaka ,三鷹市 ,Tokyo ,180797 ,16.5,10957 ,1950-11-03 ,[703],35.683513,139.5595842
703,Ōme ,青梅市 ,Tokyo ,141708 ,103.26,1372 ,1951-04-01 ,[704],35.7879958,139.2758298
704,Fuchū ,府中市 ,Tokyo ,248445 ,29.34,8468 ,1954-04-01 ,[705],35.6689735,139.4776614
705,Akishima ,昭島市 ,Tokyo ,111763 ,17.33,6449 ,1954-05-01 ,[706],35.7057552,139.3535483
706,Chōfu ,調布市 ,Tokyo ,219053 ,21.53,10174 ,1955-04-01 ,[707],35.6506145,139.5406936
707,Machida ,町田市 ,Tokyo ,413786 ,71.63,5777 ,1958-02-01 ,[708],35.546631,139.4386186
708,Koganei ,小金井市 ,Tokyo ,115116 ,11.33,10160 ,1958-10-01 ,[709],35.6994733,139.5029916
709,Kodaira ,小平市 ,Tokyo ,185829 ,20.46,9083 ,1962-10-01 ,[710],35.7285774,139.477456
710,Hino ,日野市 ,Tokyo ,179482 ,27.53,6520 ,1963-11-03 ,[711],35.6713374,139.3949261
711,Higashimurayama ,東村山市 ,Tokyo ,146585 ,17.17,8537 ,1964-04-01 ,[712],35.7545968,139.4684892
712,Kokubunji ,国分寺市 ,Tokyo ,118801 ,11.48,10349 ,1964-11-03 ,[713],35.7103347,139.4631912
713,Kunitachi ,国立市 ,Tokyo ,73362 ,8.15,9001 ,1967-01-01 ,[714],35.6838846,139.4413803
714,Fussa ,福生市 ,Tokyo ,60413 ,10.24,5900 ,1970-07-01 ,[715],35.7384505,139.3269322
715,Komae ,狛江市 ,Tokyo ,78237 ,6.39,12244 ,1970-10-01 ,[716],35.6349115,139.5787325
716,Higashiyamato ,東大和市 ,Tokyo ,81445 ,13.54,6015 ,1970-10-01 ,[717],35.7453692,139.4265933
717,Kiyose ,清瀬市 ,Tokyo ,73518 ,10.19,7215 ,1970-10-01 ,[718],35.7857526,139.5264304
718,Higashikurume ,東久留米市 ,Tokyo ,115405 ,12.92,8932 ,1970-10-01 ,[719],35.7580477,139.5297392
719,Musashimurayama ,武蔵村山市 ,Tokyo ,68333 ,15.37,4446 ,1970-11-03 ,[720],35.7548614,139.3873993
720,Tama ,多摩市 ,Tokyo ,149404 ,21.08,7087 ,1971-11-01 ,[721],35.6370041,139.4463069
721,Inagi ,稲城市 ,Tokyo ,80772 ,17.97,4495 ,1971-11-01 ,[722],35.6379238,139.5045669
722,Hamura ,羽村市 ,Tokyo ,56984 ,9.91,5750 ,1991-11-01 ,[723],35.7672215,139.3109437
723,Akiruno ,あきる野市 ,Tokyo ,80268 ,73.34,1094 ,1995-09-01 ,[724],35.7289201,139.2941195
724,Nishitōkyō ,西東京市 ,Tokyo ,193350 ,15.85,12199 ,2001-01-21 ,[725],35.7254963,139.5381564
725,Special wards of Tokyo ,東京特別区部 ,Tokyo ,8637098 ,621.81,13890 ,,,,
726,Adachi ,足立区 ,Tokyo ,629392 ,53.2,11830 ,1947-03-13 ,[726],35.7756644,139.8044788
727,Arakawa ,荒川区 ,Tokyo ,194777 ,10.2,18262 ,1947-03-13 ,[727],35.73608,139.783369
728,Bunkyo ,文京区 ,Tokyo ,194933 ,11.31,16009 ,1947-03-13 ,[728],35.7080677,139.752167
729,Chiyoda ,千代田区 ,Tokyo ,43802 ,11.64,3763 ,1947-03-13 ,[729],35.6940027,139.7535951
730,Chūō ,中央区 ,Tokyo ,104997 ,10.15,10344 ,1947-03-13 ,[730],35.6706505,139.7718614
731,Edogawa ,江戸川区 ,Tokyo ,661386 ,49.86,13264 ,1947-03-13 ,[731],35.7066569,139.8684267
732,Itabashi ,板橋区 ,Tokyo ,529059 ,32.17,16445 ,1947-03-13 ,[732],35.7511648,139.7092437
733,Katsushika ,葛飾区 ,Tokyo ,428066 ,34.84,12286 ,1947-03-13 ,[733],35.7435748,139.8471797
734,Kita ,北区 ,Tokyo ,330646 ,20.59,15885 ,1947-03-13 ,[734],35.7528042,139.7334805
735,Koto ,江東区 ,Tokyo ,436337 ,39.8,10963 ,1947-03-13 ,[735],35.6728535,139.8174097
736,Meguro ,目黒区 ,Tokyo ,267798 ,14.7,18217 ,1947-03-13 ,[736],35.6414629,139.6981712
737,Minato ,港区 ,Tokyo ,205196 ,20.34,10088 ,1947-03-13 ,[737],35.6580681,139.7515992
738,Nakano ,中野区 ,Tokyo ,312939 ,15.59,20097 ,1947-03-13 ,[738],35.7073985,139.6638354
739,Nerima ,練馬区 ,Tokyo ,702202 ,48.16,14580 ,1947-08-01 ,[739],35.7356234,139.6516577
740,Ōta ,大田区 ,Tokyo ,674590 ,59.46,11345 ,1947-03-13 ,[740],35.5612568,139.7160511
741,Setagaya ,世田谷区 ,Tokyo ,855416 ,58.08,14728 ,1947-03-13 ,[741],35.6465721,139.6532473
742,Shibuya ,渋谷区 ,Tokyo ,205512 ,15.11,13337 ,1947-03-13 ,[742],35.6617773,139.7040506
743,Shinagawa ,品川区 ,Tokyo ,353887 ,22.72,15576 ,1947-03-13 ,[743],35.6092261,139.7301861
744,Shinjuku ,新宿区 ,Tokyo ,309463 ,18.23,16975 ,1947-03-13 ,[744],35.6938401,139.7035494
745,Suginami ,杉並区 ,Tokyo ,534981 ,34.02,15725 ,1947-03-13 ,[745],35.6995657,139.6364379
746,Sumida ,墨田区 ,Tokyo ,237433 ,13.75,16079 ,1947-03-13 ,[746],35.7107215,139.8014968
747,Taitō ,台東区 ,Tokyo ,168277 ,10.08,16139 ,1947-03-13 ,[747],35.712607,139.7799956
748,Toshima ,豊島区 ,Tokyo ,256009 ,13.01,19428 ,1947-03-13 ,[748],35.7261178,139.7166049
749,Tottori ,鳥取市 ,Tottori ,200315 ,765.66,262 ,1889-10-01 ,[749],35.5011326,134.2350914
750,Yonago ,米子市 ,Tottori ,149140 ,132.21,1128 ,1927-04-01 ,[750],35.4280717,133.3309447
751,Kurayoshi ,倉吉市 ,Tottori ,51453 ,272.15,189 ,1953-10-01 ,[751],35.4301794,133.825561
752,Sakaiminato ,境港市 ,Tottori ,35908 ,28.79,1247 ,1956-04-01 ,[752],35.5395916,133.2314862
753,Toyama ,富山市 ,Toyama ,421116 ,1241.85,339 ,1889-04-01 ,[753],36.6959518,137.2136768
754,Uozu ,魚津市 ,Toyama ,45945 ,200.63,229 ,1952-04-01 ,[754],36.8273674,137.4092146
755,Himi ,氷見市 ,Toyama ,53316 ,230.47,231 ,1952-08-01 ,[755],36.8559811,136.9728488
756,Namerikawa ,滑川市 ,Toyama ,33789 ,54.61,619 ,1954-03-01 ,[756],36.7643778,137.3411906
757,Tonami ,砺波市 ,Toyama ,49396 ,126.96,389 ,1954-04-01 ,[757],36.6475336,136.9620085
758,Oyabe ,小矢部市 ,Toyama ,32656 ,134.11,244 ,1962-08-01 ,[758],36.6755751,136.8686222
759,Nanto ,南砺市 ,Toyama ,57061 ,668.86,85.3 ,2004-11-01 ,[759],36.5575131,136.8753356
760,Takaoka ,高岡市 ,Toyama ,178965 ,209.38,855 ,2005-11-01 ,[760],36.7540964,137.0257282
761,Imizu ,射水市 ,Toyama ,94691 ,109.18,867 ,2005-11-01 ,[761],36.7824552,137.0796145
762,Kurobe ,黒部市 ,Toyama ,42612 ,426.34,99.9 ,2006-03-31 ,[762],36.8715082,137.4480303
763,Wakayama ,和歌山市 ,Wakayama ,372175 ,209.23,1779 ,1889-04-01 ,[763],34.2305113,135.1708083
764,Kainan ,海南市 ,Wakayama ,55877 ,101.18,552 ,1934-05-01 ,[764],34.1553356,135.2092226
765,Tanabe ,田辺市 ,Wakayama ,80478 ,1026.77,78.4 ,1942-05-20 ,[765],33.7280335,135.377768
766,Gobō ,御坊市 ,Wakayama ,26335 ,43.93,599 ,1954-04-01 ,[766],33.8914924,135.1523464
767,Arida ,有田市 ,Wakayama ,31194 ,36.92,845 ,1956-05-01 ,[767],34.0830954,135.127635
768,Shingū ,新宮市 ,Wakayama ,32654 ,255.43,128 ,2005-10-01 ,[768],33.7241076,135.9929551
769,Kinokawa ,紀の川市 ,Wakayama ,67192 ,228.24,294 ,2005-11-07 ,[769],34.2698603,135.3627568
770,Hashimoto ,橋本市 ,Wakayama ,67505 ,130.31,518 ,2006-03-01 ,[770],34.3150526,135.6052962
771,Iwade ,岩出市 ,Wakayama ,51843 ,38.5,1347 ,2006-04-01 ,[771],34.2562947,135.3113232
772,Yamagata ,山形市 ,Yamagata ,255370 ,381.34,670 ,1889-04-01 ,[772],38.2554388,140.3396017
773,Yonezawa ,米沢市 ,Yamagata ,91704 ,548.74,167 ,1889-04-01 ,[773],37.9222401,140.1167811
774,Shinjō ,新庄市 ,Yamagata ,39808 ,223.08,178 ,1949-04-01 ,[774],38.7650154,140.3016084
775,Sagae ,寒河江市 ,Yamagata ,43299 ,139.08,311 ,1954-08-01 ,[775],38.3809635,140.2759667
776,Kaminoyama ,上山市 ,Yamagata ,35086 ,240.95,146 ,1954-10-01 ,[776],38.149562,140.2678268
777,Murayama ,村山市 ,Yamagata ,27586 ,196.83,140 ,1954-11-01 ,[777],38.4833438,140.3803719
778,Nagai ,長井市 ,Yamagata ,30285 ,214.69,141 ,1954-11-15 ,[778],38.1074936,140.0405238
779,Tendō ,天童市 ,Yamagata ,63470 ,113.01,562 ,1958-10-01 ,[779],38.3622648,140.3778858
780,Higashine ,東根市 ,Yamagata ,46141 ,207.17,223 ,1958-11-03 ,[780],38.4313543,140.3910903
781,Obanazawa ,尾花沢市 ,Yamagata ,19937 ,372.32,53.5 ,1959-04-10 ,[781],38.6006216,140.405691
782,Nan'yō ,南陽市 ,Yamagata ,34542 ,160.7,215 ,1967-04-01 ,[782],38.0551411,140.1483749
783,Tsuruoka ,鶴岡市 ,Yamagata ,140097 ,1311.51,107 ,2005-10-01 ,[783],38.7271972,139.8267307
784,Sakata ,酒田市 ,Yamagata ,114964 ,602.79,191 ,2005-11-01 ,[784],38.9147858,139.8365708
785,Ube ,宇部市 ,Yamaguchi ,176370 ,287.69,613 ,1921-11-01 ,[785],33.9515087,131.2467858
786,Hōfu ,防府市 ,Yamaguchi ,116393 ,188.59,617 ,1936-08-25 ,[786],34.0517516,131.56269
787,Kudamatsu ,下松市 ,Yamaguchi ,54026 ,89.36,605 ,1939-11-03 ,[787],34.0150299,131.8703421
788,Mine ,美祢市 ,Yamaguchi ,17355 ,228.25,76.0 ,1954-03-31 ,[788],34.1666354,131.2056781
789,Shūnan ,周南市 ,Yamaguchi ,150299 ,656.25,229 ,2003-04-21 ,[789],34.0551188,131.8061858
790,Hikari ,光市 ,Yamaguchi ,53274 ,91.94,579 ,2004-10-04 ,[790],33.9619132,131.9422817
791,Shimonoseki ,下関市 ,Yamaguchi ,286073 ,716.06,400 ,2005-02-13 ,[791],33.9578307,130.941459
792,Yanai ,柳井市 ,Yamaguchi ,35438 ,139.9,253 ,2005-02-21 ,[792],33.9638333,132.1015969
793,Hagi ,萩市 ,Yamaguchi ,55831 ,698.87,79.9 ,2005-03-06 ,[793],34.4081155,131.3990849
794,Nagato ,長門市 ,Yamaguchi ,39825 ,357.92,111 ,2005-03-22 ,[794],34.3709562,131.1821947
795,San'yō-Onoda ,山陽小野田市 ,Yamaguchi ,65523 ,132.99,493 ,2005-03-22 ,[795],34.0030636,131.1819669
796,Yamaguchi ,山口市 ,Yamaguchi ,192008 ,730.23,263 ,2005-10-01 ,[796],34.1859563,131.4706493
797,Iwakuni ,岩国市 ,Yamaguchi ,146885 ,872.71,168 ,2006-03-20 ,[797],34.1665616,132.2188479
798,Kōfu ,甲府市 ,Yamanashi ,199374 ,212.41,939 ,1889-07-01 ,[798],35.66228,138.5682015
799,Fujiyoshida ,富士吉田市 ,Yamanashi ,51879 ,121.83,426 ,1951-03-20 ,[799],35.4874967,138.8078541
800,Tsuru ,都留市 ,Yamanashi ,34439 ,161.58,213 ,1954-04-29 ,[800],35.5516801,138.9054727
801,Ōtsuki ,大月市 ,Yamanashi ,29869 ,280.3,107 ,1954-08-08 ,[801],35.6104852,138.9400276
802,Nirasaki ,韮崎市 ,Yamanashi ,33539 ,143.73,233 ,1954-10-10 ,[802],35.708897,138.4461267
803,Minami-Alps ,南アルプス市 ,Yamanashi ,72295 ,264.06,274 ,2003-04-01 ,[803],35.6083275,138.464966
804,Kai ,甲斐市 ,Yamanashi ,74077 ,71.94,1030 ,2004-09-01 ,[804],35.686259,138.4872571
805,Fuefuki ,笛吹市 ,Yamanashi ,71184 ,201.92,353 ,2004-10-12 ,[805],35.6473601,138.6397857
806,Hokuto ,北杜市 ,Yamanashi ,47754 ,602.89,79.2 ,2004-11-01 ,[806],35.7765303,138.4237811
807,Uenohara ,上野原市 ,Yamanashi ,28295 ,170.65,166 ,2005-02-13 ,[807],35.6302591,139.1085986
808,Yamanashi ,山梨市 ,Yamanashi ,38202 ,289.87,132 ,2005-03-22 ,[808],35.6641575,138.5684486
809,Kōshū ,甲州市 ,Yamanashi ,35072 ,264.01,133 ,2005-11-01 ,[809],35.7043159,138.7294044
810,Chūō ,中央市 ,Yamanashi ,31875 ,31.81,1002 ,2006-02-20 ,[810],35.5996289,138.5172718
