Landsat Scene Identifier,WRS Path,WRS Row,Target WRS Path,Target WRS Row,Full or Partial Scene,Nadir/Off Nadir,Data Category,TIRS SSM Model,Bias Parameter File Name OLI,Bias Parameter File Name TIRS,Calibration Parameter File,RLUT File Name,Roll Angle,Station Identifier,Day/Night,Data Type Level 1,Sensor Identifier,Date Acquired,Start Time,Stop Time,Date L1 Generated,Image Quality,Scene Cloud Cover,Sun Elevation,Sun Azimuth,Geometric RMSE Model X,Geometric RMSE Model Y,Ground Control Points Model,Ground Control Points Version,Browse Exists,Processing Software Version,Center Latitude,Center Longitude,NW Corner Lat,NW Corner Long,NE Corner Lat,NE Corner Long,SE Corner Lat,SE Corner Long,SW Corner Lat,SW Corner Long,Center Latitude dec,Center Longitude dec,NW Corner Lat dec,NW Corner Long dec,NE Corner Lat dec,NE Corner Long dec,SE Corner Lat dec,SE Corner Long dec,SW Corner Lat dec,SW Corner Long dec,Display ID,Ordering ID,Download Link
LC81920302013215LGN00, 192, 030, 192, 030,FULL,NADIR,NOMINAL,N/A,LO8BPF20130803095213_20130803102537.02,LT8BPF20130803094819_20130803102630.01,L8CPF20130701_20130919.05,L8RLUT20130211_20431231v09.h5,-.001,LGN,DAY,L1T,OLI_TIRS,2013/08/03,2013:215:10:00:54.3032640,2013:215:10:01:26.0732590,2014/12/31,9,.04,59.19888174,139.93294677,4.972,5.085,-1,2,Y,LPGS_2.4.0,43°11'05.32"N,11°02'36.10"E,44°14'39.30"N,10°10'49.51"E,43°49'28.27"N,12°29'24.68"E,42°06'34.92"N,11°52'16.10"E,42°31'34.14"N,9°37'28.20"E,43.18481,11.04336,44.24425,10.18042,43.82452,12.49019,42.1097,11.87114,42.52615,9.6245,LC81920302013215LGN00,LC81920302013215LGN00,http://earthexplorer.usgs.gov/download/options/4923/LC81920302013215LGN00
LC81920312013215LGN00, 192, 031, 192, 031,FULL,NADIR,NOMINAL,N/A,LO8BPF20130803095213_20130803102537.02,LT8BPF20130803094819_20130803102630.01,L8CPF20130701_20130919.05,L8RLUT20130211_20431231v09.h5,-.001,LGN,DAY,L1T,OLI_TIRS,2013/08/03,2013:215:10:01:18.1858290,2013:215:10:01:49.9558240,2014/12/15,9,0,60.08612487,137.71608051,3.657,3.407,-1,2,Y,LPGS_2.4.0,41°45'35.32"N,10°33'52.20"E,42°49'03.58"N,9°43'01.45"E,42°24'13.10"N,11°58'31.44"E,40°41'11.36"N,11°22'44.76"E,41°05'52.08"N,9°10'47.10"E,41.75981,10.5645,42.81766,9.71707,42.40364,11.9754,40.68649,11.3791,41.0978,9.17975,LC81920312013215LGN00,LC81920312013215LGN00,http://earthexplorer.usgs.gov/download/options/4923/LC81920312013215LGN00
LC81920322013215LGN00, 192, 032, 192, 032,FULL,NADIR,NOMINAL,N/A,LO8BPF20130803095213_20130803102537.02,LT8BPF20130803094819_20130803102630.01,L8CPF20130701_20130919.05,L8RLUT20130211_20431231v09.h5,-.001,LGN,DAY,L1T,OLI_TIRS,2013/08/03,2013:215:10:01:42.0768650,2013:215:10:02:13.8468610,2014/12/31,9,.01,60.93257281,135.39227177,5.528,4.612,-1,2,Y,LPGS_2.4.0,40°19'57.54"N,10°06'06.91"E,41°23'21.19"N,9°16'06.17"E,40°58'48.43"N,11°28'48.86"E,39°15'39.64"N,10°54'16.85"E,39°40'04.48"N,8°44'52.69"E,40.33265,10.10192,41.38922,9.26838,40.98012,11.48024,39.26101,10.90468,39.66791,8.74797,LC81920322013215LGN00,LC81920322013215LGN00,http://earthexplorer.usgs.gov/download/options/4923/LC81920322013215LGN00
LC81930302013222LGN00, 193, 030, 193, 030,FULL,NADIR,NOMINAL,N/A,LO8BPF20130810095824_20130810101838.01,LT8BPF20130810095430_20130810101931.01,L8CPF20130701_20130919.05,L8RLUT20130211_20431231v09.h5,-.001,LGN,DAY,L1T,OLI_TIRS,2013/08/10,2013:222:10:07:05.2439440,2013:222:10:07:37.0139400,2014/12/31,9,.38,57.57950133,142.05088275,3.949,3.511,-1,2,Y,LPGS_2.4.0,43°11'05.28"N,9°29'46.90"E,44°14'38.87"N,8°37'59.95"E,43°49'28.02"N,10°56'35.63"E,42°06'34.96"N,10°19'27.52"E,42°31'34.00"N,8°04'39.11"E,43.1848,9.49636,44.24413,8.63332,43.82445,10.94323,42.10971,10.32431,42.52611,8.07753,LC81930302013222LGN00,LC81930302013222LGN00,http://earthexplorer.usgs.gov/download/options/4923/LC81930302013222LGN00
LC81930312013222LGN00, 193, 031, 193, 031,FULL,NADIR,NOMINAL,N/A,LO8BPF20130810095824_20130810101838.01,LT8BPF20130810095430_20130810101931.01,L8CPF20130701_20130919.05,L8RLUT20130211_20150302v10.h5,-.001,LGN,DAY,L1T,OLI_TIRS,2013/08/10,2013:222:10:07:29.1307450,2013:222:10:08:00.9007410,2015/05/26,9,1.41,58.51046216,140.00980291,8.211,9.807,479,2,Y,LPGS_2.5.1,41°45'34.56"N,9°01'03.11"E,42°49'02.39"N,8°10'12.36"E,42°24'12.17"N,10°25'42.13"E,40°41'10.82"N,9°49'55.85"E,41°05'51.29"N,7°37'58.40"E,41.7596,9.01753,42.81733,8.1701,42.40338,10.42837,40.68634,9.83218,41.09758,7.63289,LC81930312013222LGN00,LC81930312013222LGN00,http://earthexplorer.usgs.gov/download/options/4923/LC81930312013222LGN00
LC81940282013245LGN00, 194, 028, 194, 028,FULL,NADIR,NOMINAL,N/A,LO8BPF20130902100102_20130902113907.01,LT8BPF20130902095708_20130902103806.01,L8CPF20130701_20130919.05,L8RLUT20130211_20431231v09.h5,-.001,LGN,DAY,L1T,OLI_TIRS,2013/09/02,2013:245:10:12:30.1390310,2013:245:10:13:01.9090270,2014/12/24,9,19.5,48.97572511,152.56904247,4.76,4.407,-1,2,Y,LPGS_2.4.0,46°01'46.67"N,8°56'56.18"E,47°05'34.01"N,8°02'56.40"E,46°39'32.11"N,10°28'47.32"E,44°57'00.43"N,9°48'31.50"E,45°22'45.80"N,7°27'02.09"E,46.02963,8.94894,47.09278,8.049,46.65892,10.47981,44.95012,9.80875,45.37939,7.45058,LC81940282013245LGN00,LC81940282013245LGN00,http://earthexplorer.usgs.gov/download/options/4923/LC81940282013245LGN00
LC81940292013213LGN00, 194, 029, 194, 029,FULL,NADIR,NOMINAL,N/A,LO8BPF20130801100435_20130801103711.02,LT8BPF20130801100041_20130801103804.01,L8CPF20130701_20130919.05,L8RLUT20130211_20431231v09.h5,-.001,LGN,DAY,L1T,OLI_TIRS,2013/08/01,2013:213:10:12:51.7815850,2013:213:10:13:23.5515810,2014/12/24,9,1.38,58.71351874,141.53491166,4.232,4.012,-1,2,Y,LPGS_2.4.0,44°36'29.48"N,8°27'03.96"E,45°40'10.06"N,7°34'13.33"E,45°14'34.58"N,9°56'18.06"E,43°31'51.10"N,9°17'39.66"E,43°57'12.46"N,6°59'38.62"E,44.60819,8.4511,45.66946,7.57037,45.24294,9.93835,43.53086,9.29435,43.95346,6.99406,LC81940292013213LGN00,LC81940292013213LGN00,http://earthexplorer.usgs.gov/download/options/4923/LC81940292013213LGN00
LC81940302013213LGN00, 194, 030, 194, 030,FULL,NADIR,NOMINAL,N/A,LO8BPF20130801100435_20130801103711.02,LT8BPF20130801100041_20130801103804.01,L8CPF20130701_20130919.05,L8RLUT20130211_20150302v10.h5,-.001,LGN,DAY,L1T,OLI_TIRS,2013/08/01,2013:213:10:13:15.6683860,2013:213:10:13:47.4383820,2015/03/23,9,.3,59.62808857,139.37063684,3.775,3.744,-1,2,Y,LPGS_2.4.0,43°11'04.56"N,7°57'14.94"E,44°14'38.44"N,7°05'29.15"E,43°49'27.66"N,9°24'03.10"E,42°06'34.20"N,8°46'54.59"E,42°31'33.13"N,6°32'07.84"E,43.1846,7.95415,44.24401,7.09143,43.82435,9.40086,42.1095,8.78183,42.52587,6.53551,LC81940302013213LGN00,LC81940302013213LGN00,http://earthexplorer.usgs.gov/download/options/4923/LC81940302013213LGN00
LC81940312013213LGN00, 194, 031, 194, 031,FULL,NADIR,NOMINAL,N/A,LO8BPF20130801100435_20130801103711.02,LT8BPF20130801100041_20130801103804.01,L8CPF20130701_20130919.05,L8RLUT20130211_20150302v10.h5,-.001,LGN,DAY,L1T,OLI_TIRS,2013/08/01,2013:213:10:13:39.5509510,2013:213:10:14:11.3209460,2015/04/14,9,0,60.50358278,137.10450546,4.406,3.827,-1,2,Y,LPGS_2.4.0,41°45'34.45"N,7°28'31.26"E,42°49'02.57"N,6°37'42.46"E,42°24'12.82"N,8°53'08.52"E,40°41'10.72"N,8°17'21.70"E,41°05'50.68"N,6°05'27.89"E,41.75957,7.47535,42.81738,6.62846,42.40356,8.8857,40.68631,8.28936,41.09741,6.09108,LC81940312013213LGN00,LC81940312013213LGN00,http://earthexplorer.usgs.gov/download/options/4923/LC81940312013213LGN00
LC81950262013156LGN00, 195, 026, 195, 026,FULL,NADIR,NOMINAL,N/A,LO8BPF20130605101051_20130605104321.02,LT8BPF20130605100657_20130605104413.01,L8CPF20130401_20130627.08,L8RLUT20130211_20431231v09.h5,-.001,LGN,DAY,L1T,OLI_TIRS,2013/06/05,2013:156:10:17:54.2025830,2013:156:10:18:23.9986030,2014/12/24,9,13.06,60.77617592,147.33072921,5.228,4.704,-1,2,Y,LPGS_2.4.0,48°51'59.15"N,8°30'09.00"E,49°52'32.63"N,7°32'29.15"E,49°25'32.63"N,10°06'14.36"E,47°50'24.14"N,9°25'08.65"E,48°17'04.06"N,6°56'04.56"E,48.86643,8.5025,49.87573,7.54143,49.42573,10.10399,47.84004,9.41907,48.28446,6.9346,LC81950262013156LGN00,LC81950262013156LGN00,http://earthexplorer.usgs.gov/download/options/4923/LC81950262013156LGN00
LC81950272013156LGN00, 195, 027, 195, 027,FULL,NADIR,NOMINAL,N/A,LO8BPF20130605101051_20130605104321.02,LT8BPF20130605100657_20130605104413.01,L8CPF20130401_20130627.08,L8RLUT20130211_20431231v09.h5,-.001,LGN,DAY,L1T,OLI_TIRS,2013/06/05,2013:156:10:18:18.0936200,2013:156:10:18:47.8896400,2014/12/19,9,5.4,61.78251442,145.07538626,4.919,4.783,-1,2,Y,LPGS_2.4.0,47°26'56.11"N,7°56'21.77"E,48°27'20.52"N,6°59'57.12"E,48°00'51.16"N,9°29'30.41"E,46°25'31.19"N,8°50'17.02"E,46°51'43.38"N,6°25'05.52"E,47.44892,7.93938,48.4557,6.9992,48.01421,9.49178,46.42533,8.83806,46.86205,6.4182,LC81950272013156LGN00,LC81950272013156LGN00,http://earthexplorer.usgs.gov/download/options/4923/LC81950272013156LGN00
LC81950282013204LGN00, 195, 028, 195, 028,FULL,NADIR,NOMINAL,N/A,LO8BPF20130723101043_20130723103121.02,LT8BPF20130723100649_20130723103214.02,L8CPF20130701_20130919.05,L8RLUT20130211_20431231v09.h5,-.001,LGN,DAY,L1T,OLI_TIRS,2013/07/23,2013:204:10:18:36.3278380,2013:204:10:19:08.0978340,2014/12/19,9,12.6,59.60032644,141.75209709,5.376,5.012,-1,2,Y,LPGS_2.4.0,46°01'47.75"N,7°26'00.46"E,47°05'35.77"N,6°32'06.61"E,46°39'35.03"N,8°57'47.66"E,44°57'01.19"N,8°17'30.23"E,45°22'45.34"N,5°56'10.43"E,46.02993,7.43346,47.09327,6.53517,46.65973,8.96324,44.95033,8.29173,45.37926,5.93623,LC81950282013204LGN00,LC81950282013204LGN00,http://earthexplorer.usgs.gov/download/options/4923/LC81950282013204LGN00
LC81950292013252LGN00, 195, 029, 195, 029,FULL,NADIR,NOMINAL,N/A,LO8BPF20130909100711_20130909104322.02,LT8BPF20130909100317_20130909104415.01,L8CPF20130701_20130919.05,L8RLUT20130211_20150302v10.h5,-.001,LGN,DAY,L1T,OLI_TIRS,2013/09/09,2013:252:10:19:03.2256190,2013:252:10:19:34.9956150,2015/03/19,9,4.83,47.82758467,153.34294074,3.985,4.625,-1,2,Y,LPGS_2.4.0,44°36'29.99"N,6°53'20.76"E,45°40'10.13"N,6°00'24.62"E,45°14'33.79"N,8°22'38.50"E,43°31'52.10"N,7°44'01.79"E,43°57'14.40"N,5°25'51.89"E,44.60833,6.8891,45.66948,6.00684,45.24272,8.37736,43.53114,7.73383,43.954,5.43108,LC81950292013252LGN00,LC81950292013252LGN00,http://earthexplorer.usgs.gov/download/options/4923/LC81950292013252LGN00
LC81950302013204LGN00, 195, 030, 195, 030,FULL,NADIR,NOMINAL,N/A,LO8BPF20130723101043_20130723103121.02,LT8BPF20130723100649_20130723103214.02,L8CPF20130701_20130919.05,L8RLUT20130211_20431231v09.h5,-.001,LGN,DAY,L1T,OLI_TIRS,2013/07/23,2013:204:10:19:24.0972040,2013:204:10:19:55.8672000,2015/02/27,9,.45,61.38441703,137.13052224,5.604,6.674,-1,2,Y,LPGS_2.4.0,43°11'05.32"N,6°25'11.03"E,44°14'39.37"N,5°33'24.48"E,43°49'28.16"N,7°52'00.26"E,42°06'34.45"N,7°14'51.43"E,42°31'33.85"N,5°00'03.02"E,43.18481,6.41973,44.24427,5.5568,43.82449,7.86674,42.10957,7.24762,42.52607,5.00084,LC81950302013204LGN00,LC81950302013204LGN00,http://earthexplorer.usgs.gov/download/options/4923/LC81950302013204LGN00
LC81960252013195LGN00, 196, 025, 196, 025,FULL,NADIR,NOMINAL,N/A,LO8BPF20130714101719_20130714103733.01,LT8BPF20130714101325_20130714103826.01,L8CPF20130701_20130919.05,L8RLUT20130211_20431231v09.h5,-.001,LGN,DAY,L1T,OLI_TIRS,2013/07/14,2013:195:10:23:36.8234010,2013:195:10:24:08.5933970,2014/11/25,9,1.19,58.2161945,147.08475924,5.094,4.021,-1,2,Y,LPGS_2.4.0,50°16'52.82"N,7°34'19.52"E,51°21'07.02"N,6°36'53.86"E,50°53'34.98"N,9°15'08.42"E,49°11'37.03"N,8°28'47.60"E,49°38'43.22"N,5°55'56.71"E,50.28134,7.57209,51.35195,6.61496,50.89305,9.25234,49.19362,8.47989,49.64534,5.93242,LC81960252013195LGN00,LC81960252013195LGN00,http://earthexplorer.usgs.gov/download/options/4923/LC81960252013195LGN00
LC81960262013195LGN00, 196, 026, 196, 026,FULL,NADIR,NOMINAL,N/A,LO8BPF20130714101719_20130714103733.01,LT8BPF20130714101325_20130714103826.01,L8CPF20130701_20130919.05,L8RLUT20130211_20431231v09.h5,-.001,LGN,DAY,L1T,OLI_TIRS,2013/07/14,2013:195:10:24:00.7059660,2013:195:10:24:32.4759620,2014/11/26,9,.61,59.21266396,144.97451786,4.891,4.888,-1,2,Y,LPGS_2.4.0,48°51'58.97"N,6°58'56.60"E,49°56'03.52"N,6°02'44.63"E,49°29'04.70"N,8°36'30.10"E,47°46'53.76"N,7°52'23.05"E,48°13'30.18"N,5°23'38.65"E,48.86638,6.98239,49.93431,6.04573,49.48464,8.60836,47.7816,7.87307,48.22505,5.39407,LC81960262013195LGN00,LC81960262013195LGN00,http://earthexplorer.usgs.gov/download/options/4923/LC81960262013195LGN00
LC81960272013227LGN00, 196, 027, 196, 027,FULL,NADIR,NOMINAL,N/A,LO8BPF20130815101656_20130815103734.02,LT8BPF20130815101302_20130815103827.02,L8CPF20130701_20130919.05,L8RLUT20130211_20431231v09.h5,-.001,LGN,DAY,L1T,OLI_TIRS,2013/08/15,2013:227:10:24:25.3728650,2013:227:10:24:57.1428610,2015/01/06,9,.09,53.26074213,148.9586485,5.922,6.515,-1,2,Y,LPGS_2.4.0,47°26'56.08"N,6°24'52.20"E,48°30'51.59"N,5°29'46.82"E,48°04'22.22"N,7°59'28.61"E,46°22'00.77"N,7°17'23.24"E,46°48'10.84"N,4°52'21.83"E,47.44891,6.4145,48.51433,5.49634,48.07284,7.99128,46.36688,7.28979,46.80301,4.87273,LC81960272013227LGN00,LC81960272013227LGN00,http://earthexplorer.usgs.gov/download/options/4923/LC81960272013227LGN00
LC81960282013227LGN00, 196, 028, 196, 028,FULL,NADIR,NOMINAL,N/A,LO8BPF20130815101656_20130815103734.02,LT8BPF20130815101302_20130815103827.02,L8CPF20130701_20130919.05,L8RLUT20130211_20431231v09.h5,-.001,LGN,DAY,L1T,OLI_TIRS,2013/08/15,2013:227:10:24:49.2511940,2013:227:10:25:21.0211900,2015/01/08,9,.56,54.30668575,147.26604911,6.221,5.827,-1,2,Y,LPGS_2.4.0,46°01'47.46"N,5°52'34.18"E,47°05'35.05"N,4°58'36.37"E,46°39'33.52"N,7°24'24.05"E,44°57'01.26"N,6°44'07.51"E,45°22'46.24"N,4°22'41.16"E,46.02985,5.87616,47.09307,4.97677,46.65931,7.40668,44.95035,6.73542,45.37951,4.3781,LC81960282013227LGN00,LC81960282013227LGN00,http://earthexplorer.usgs.gov/download/options/4923/LC81960282013227LGN00
LC81960292013227LGN00, 196, 029, 196, 029,FULL,NADIR,NOMINAL,N/A,LO8BPF20130815101656_20130815103734.02,LT8BPF20130815101302_20130815103827.02,L8CPF20130701_20130919.05,L8RLUT20130211_20431231v09.h5,-.001,LGN,DAY,L1T,OLI_TIRS,2013/08/15,2013:227:10:25:13.1422310,2013:227:10:25:44.9122270,2014/12/16,9,2.1,55.3278905,145.50604829,5.208,5.247,-1,2,Y,LPGS_2.4.0,44°36'28.91"N,5°21'33.91"E,45°40'09.37"N,4°28'40.01"E,45°14'33.18"N,6°50'50.21"E,43°31'50.74"N,6°12'12.60"E,43°57'12.85"N,3°54'06.19"E,44.60803,5.35942,45.66927,4.47778,45.24255,6.84728,43.53076,6.2035,43.95357,3.90172,LC81960292013227LGN00,LC81960292013227LGN00,http://earthexplorer.usgs.gov/download/options/4923/LC81960292013227LGN00
LC81960302013163LGN00, 196, 030, 196, 030,FULL,NADIR,NOMINAL,N/A,LO8BPF20130612101659_20130612103732.02,LT8BPF20130612101306_20130612103824.02,L8CPF20130401_20130627.08,L8RLUT20130211_20431231v09.h5,-.001,LGN,DAY,L1T,OLI_TIRS,2013/06/12,2013:163:10:25:37.9885620,2013:163:10:26:07.7845830,2015/01/15,9,.09,64.88618567,136.17856467,5.13,4.76,-1,2,Y,LPGS_2.4.0,43°11'06.18"N,4°51'17.28"E,44°11'08.23"N,3°58'16.14"E,43°45'56.09"N,6°16'52.57"E,42°10'06.92"N,5°42'16.31"E,42°35'08.92"N,3°27'12.31"E,43.18505,4.8548,44.18562,3.97115,43.76558,6.28127,42.16859,5.70453,42.58581,3.45342,LC81960302013163LGN00,LC81960302013163LGN00,http://earthexplorer.usgs.gov/download/options/4923/LC81960302013163LGN00
LC81960312013163LGN00, 196, 031, 196, 031,FULL,NADIR,NOMINAL,ACTUAL,LO8BPF20130612101659_20130612103732.02,LT8BPF20130612101306_20130612103824.02,L8CPF20130401_20130627.08,L8RLUT20130211_20150302v10.h5,-.001,LGN,DAY,L1GT,OLI_TIRS,2013/06/12,2013:163:10:26:01.8838350,2013:163:10:26:31.6798550,2016/06/27,9,0,65.68974134,133.29384334,0,0,-1,4,Y,LPGS_2.6.2,41°45'33.73"N,4°22'32.16"E,42°45'29.74"N,3°30'33.19"E,42°20'39.48"N,5°45'57.02"E,40°44'41.64"N,5°12'36.94"E,41°09'23.62"N,3°00'31.46"E,41.75937,4.3756,42.75826,3.50922,42.3443,5.76584,40.7449,5.21026,41.15656,3.00874,LC81960312013163LGN00,LC81960312013163LGN00,http://earthexplorer.usgs.gov/download/options/4923/LC81960312013163LGN00
LC81970252013202LGN00, 197, 025, 197, 025,FULL,NADIR,NOMINAL,N/A,LO8BPF20130721102304_20130721104342.01,LT8BPF20130721101910_20130721104435.01,L8CPF20130701_20130919.05,L8RLUT20130211_20431231v09.h5,-.001,LGN,DAY,L1T,OLI_TIRS,2013/07/21,2013:202:10:29:45.6511000,2013:202:10:30:17.4210960,2015/01/07,9,.07,57.03370422,147.71754772,6.16,6.108,-1,2,Y,LPGS_2.4.0,50°16'51.60"N,6°02'14.89"E,51°21'05.94"N,5°04'49.26"E,50°53'33.61"N,7°43'04.12"E,49°11'35.70"N,6°56'43.12"E,49°38'42.22"N,4°23'51.83"E,50.281,6.03747,51.35165,5.08035,50.89267,7.71781,49.19325,6.94531,49.64506,4.39773,LC81970252013202LGN00,LC81970252013202LGN00,http://earthexplorer.usgs.gov/download/options/4923/LC81970252013202LGN00
LC81970262013202LGN00, 197, 026, 197, 026,FULL,NADIR,NOMINAL,N/A,LO8BPF20130721102304_20130721104342.01,LT8BPF20130721101910_20130721104435.01,L8CPF20130701_20130919.05,L8RLUT20130211_20431231v09.h5,-.001,LGN,DAY,L1T,OLI_TIRS,2013/07/21,2013:202:10:30:09.5294290,2013:202:10:30:41.2994240,2014/11/26,9,.05,58.04242602,145.7041089,5.232,5.223,-1,2,Y,LPGS_2.4.0,48°51'58.68"N,5°26'52.08"E,49°56'03.41"N,4°30'39.92"E,49°29'04.27"N,7°04'26.04"E,47°46'53.51"N,6°20'18.82"E,48°13'30.22"N,3°51'33.73"E,48.8663,5.4478,49.93428,4.51109,49.48452,7.0739,47.78153,6.33856,48.22506,3.85937,LC81970262013202LGN00,LC81970262013202LGN00,http://earthexplorer.usgs.gov/download/options/4923/LC81970262013202LGN00
LC81970272013202LGN00, 197, 027, 197, 027,FULL,NADIR,NOMINAL,N/A,LO8BPF20130721102304_20130721104342.01,LT8BPF20130721101910_20130721104435.01,L8CPF20130701_20130919.05,L8RLUT20130211_20431231v09.h5,-.001,LGN,DAY,L1T,OLI_TIRS,2013/07/21,2013:202:10:30:33.4077580,2013:202:10:31:05.1777530,2015/02/27,9,.79,59.01974041,143.60610884,4.972,4.7,-1,2,Y,LPGS_2.4.0,47°26'57.34"N,4°53'05.96"E,48°30'53.24"N,3°58'04.58"E,48°04'24.56"N,6°27'39.64"E,46°22'01.74"N,5°45'32.90"E,46°48'11.12"N,3°20'38.18"E,47.44926,4.88499,48.51479,3.96794,48.07349,6.46101,46.36715,5.75914,46.80309,3.34394,LC81970272013202LGN00,LC81970272013202LGN00,http://earthexplorer.usgs.gov/download/options/4923/LC81970272013202LGN00
LC81970282013234LGN01, 197, 028, 197, 028,FULL,NADIR,NOMINAL,N/A,LO8BPF20130822102309_20130822110145.02,LT8BPF20130822101915_20130822110238.01,L8CPF20130701_20130919.05,L8RLUT20130211_20431231v09.h5,-.001,LGN,DAY,L1T,OLI_TIRS,2013/08/22,2013:234:10:31:02.4113810,2013:234:10:31:34.1813770,2014/12/24,9,.04,52.3403352,149.30635622,3.865,3.98,-1,2,Y,LPGS_2.4.0,46°01'46.78"N,4°19'11.06"E,47°05'34.33"N,3°25'11.71"E,46°39'32.33"N,5°51'02.09"E,44°57'00.50"N,5°10'45.84"E,45°22'45.91"N,2°49'16.86"E,46.02966,4.31974,47.09287,3.41992,46.65898,5.85058,44.95014,5.1794,45.37942,2.82135,LC81970282013234LGN01,LC81970282013234LGN01,http://earthexplorer.usgs.gov/download/options/4923/LC81970282013234LGN01
LC81970292013234LGN01, 197, 029, 197, 029,FULL,NADIR,NOMINAL,N/A,LO8BPF20130822102309_20130822110145.02,LT8BPF20130822101915_20130822110238.01,L8CPF20130701_20130919.05,L8RLUT20130211_20431231v09.h5,-.001,LGN,DAY,L1T,OLI_TIRS,2013/08/22,2013:234:10:31:26.2981820,2013:234:10:31:58.0681780,2015/01/29,9,.03,53.39872196,147.69835278,3.693,3.739,-1,2,Y,LPGS_2.4.0,44°36'29.34"N,3°48'11.23"E,45°40'09.80"N,2°55'15.92"E,45°14'33.14"N,5°17'29.00"E,43°31'51.13"N,4°38'51.50"E,43°57'13.75"N,2°20'42.25"E,44.60815,3.80312,45.66939,2.92109,45.24254,5.29139,43.53087,4.64764,43.95382,2.34507,LC81970292013234LGN01,LC81970292013234LGN01,http://earthexplorer.usgs.gov/download/options/4923/LC81970292013234LGN01
LC81970302013186LGN00, 197, 030, 197, 030,FULL,NADIR,NOMINAL,N/A,LO8BPF20130705102306_20130705104344.01,LT8BPF20130705101912_20130705104437.01,L8CPF20130701_20130919.05,L8RLUT20130211_20431231v09.h5,-.001,LGN,DAY,L1T,OLI_TIRS,2013/07/05,2013:186:10:31:47.0731840,2013:186:10:32:18.8431800,2015/02/25,9,.07,63.92884213,134.64853228,4.029,4.008,-1,2,Y,LPGS_2.4.0,43°11'05.86"N,3°19'17.40"E,44°14'40.56"N,2°27'28.12"E,43°49'28.13"N,4°46'09.23"E,42°06'34.74"N,4°09'00.11"E,42°31'35.33"N,1°54'06.62"E,43.18496,3.3215,44.2446,2.45781,43.82448,4.76923,42.10965,4.15003,42.52648,1.90184,LC81970302013186LGN00,LC81970302013186LGN00,http://earthexplorer.usgs.gov/download/options/4923/LC81970302013186LGN00
LC81970312013186LGN00, 197, 031, 197, 031,FULL,NADIR,NOMINAL,N/A,LO8BPF20130705102306_20130705104344.01,LT8BPF20130705101912_20130705104437.01,L8CPF20130701_20130919.05,L8RLUT20130211_20431231v09.h5,-.001,LGN,DAY,L1T,OLI_TIRS,2013/07/05,2013:186:10:32:10.9599850,2013:186:10:32:42.7299810,2015/01/15,9,.96,64.70036385,131.83519589,3.362,3.843,-1,2,Y,LPGS_2.4.0,41°45'34.45"N,2°50'32.68"E,42°49'03.29"N,1°59'42.25"E,42°24'12.42"N,4°15'12.42"E,40°41'10.14"N,3°39'24.77"E,41°05'51.22"N,1°27'27.11"E,41.75957,2.84241,42.81758,1.99507,42.40345,4.25345,40.68615,3.65688,41.09756,1.45753,LC81970312013186LGN00,LC81970312013186LGN00,http://earthexplorer.usgs.gov/download/options/4923/LC81970312013186LGN00
LC81980252013273LGN00, 198, 025, 198, 025,FULL,NADIR,NOMINAL,N/A,LO8BPF20130930102512_20130930104948.01,LT8BPF20130930101618_20130930105041.01,L8CPF20130920_20130930.05,L8RLUT20130211_20431231v09.h5,-.001,LGN,DAY,L1T,OLI_TIRS,2013/09/30,2013:273:10:35:51.9655830,2013:273:10:36:23.7355790,2014/11/13,9,.18,35.61179428,162.74296516,5.03,5.225,-1,2,Y,LPGS_2.4.0,50°16'51.82"N,4°28'38.46"E,51°21'05.33"N,3°31'05.77"E,50°53'32.50"N,6°09'31.72"E,49°11'36.53"N,5°23'13.38"E,49°38'43.51"N,2°50'11.47"E,50.28106,4.47735,51.35148,3.51827,50.89236,6.15881,49.19348,5.38705,49.64542,2.83652,LC81980252013273LGN00,LC81980252013273LGN00,http://earthexplorer.usgs.gov/download/options/4923/LC81980252013273LGN00
LC81980262013193LGN00, 198, 026, 198, 026,FULL,NADIR,NOMINAL,N/A,LO8BPF20130712102917_20130712104955.01,LT8BPF20130712102523_20130712105048.01,L8CPF20130701_20130919.05,L8RLUT20130211_20431231v09.h5,-.001,LGN,DAY,L1T,OLI_TIRS,2013/07/12,2013:193:10:36:22.5933330,2013:193:10:36:54.3633280,2014/12/26,9,2.96,59.5031578,144.83494338,4.794,4.757,-1,2,Y,LPGS_2.4.0,48°51'58.54"N,3°53'28.36"E,49°56'03.19"N,2°57'16.09"E,49°29'04.13"N,5°31'02.32"E,47°46'53.18"N,4°46'55.16"E,48°13'29.82"N,2°18'10.04"E,48.86626,3.89121,49.93422,2.95447,49.48448,5.51731,47.78144,4.78199,48.22495,2.30279,LC81980262013193LGN00,LC81980262013193LGN00,http://earthexplorer.usgs.gov/download/options/4923/LC81980262013193LGN00
LC81980272013193LGN00, 198, 027, 198, 027,FULL,NADIR,NOMINAL,N/A,LO8BPF20130712102917_20130712104955.01,LT8BPF20130712102523_20130712105048.01,L8CPF20130701_20130919.05,L8RLUT20130211_20431231v09.h5,-.001,LGN,DAY,L1T,OLI_TIRS,2013/07/12,2013:193:10:36:46.4716610,2013:193:10:37:18.2416570,2014/12/02,9,.01,60.46292816,142.60539256,4.656,4.018,-1,2,Y,LPGS_2.4.0,47°26'56.90"N,3°19'42.38"E,48°30'52.92"N,2°24'40.50"E,48°04'24.17"N,4°54'16.42"E,46°22'01.34"N,4°12'09.76"E,46°48'10.73"N,1°47'14.32"E,47.44914,3.32844,48.5147,2.41125,48.07338,4.90456,46.36704,4.20271,46.80298,1.78731,LC81980272013193LGN00,LC81980272013193LGN00,http://earthexplorer.usgs.gov/download/options/4923/LC81980272013193LGN00
LC81980282013193LGN00, 198, 028, 198, 028,FULL,NADIR,NOMINAL,N/A,LO8BPF20130712102917_20130712104955.01,LT8BPF20130712102523_20130712105048.01,L8CPF20130701_20130919.05,L8RLUT20130211_20431231v09.h5,-.001,LGN,DAY,L1T,OLI_TIRS,2013/07/12,2013:193:10:37:10.3542260,2013:193:10:37:42.1242220,2015/01/09,9,.04,61.38519753,140.26964916,5.151,4.305,-1,2,Y,LPGS_2.4.0,46°01'46.56"N,2°47'23.28"E,47°05'34.66"N,1°53'28.93"E,46°39'33.84"N,4°19'10.56"E,44°57'00.00"N,3°38'52.94"E,45°22'44.22"N,1°17'32.68"E,46.0296,2.7898,47.09296,1.89137,46.6594,4.3196,44.95,3.64804,45.37895,1.29241,LC81980282013193LGN00,LC81980282013193LGN00,http://earthexplorer.usgs.gov/download/options/4923/LC81980282013193LGN00
LC81980292013193LGN00, 198, 029, 198, 029,FULL,NADIR,NOMINAL,N/A,LO8BPF20130712102917_20130712104955.01,LT8BPF20130712102523_20130712105048.01,L8CPF20130701_20130919.05,L8RLUT20130211_20150302v10.h5,-.001,LGN,DAY,L1T,OLI_TIRS,2013/07/12,2013:193:10:37:34.2325550,2013:193:10:38:06.0025510,2016/01/13,9,1.5,62.26581113,137.81925909,3.523,4.296,538,3,Y,LPGS_2.6.0,44°36'29.92"N,2°16'23.02"E,45°40'10.92"N,1°23'32.78"E,45°14'35.38"N,3°45'37.40"E,43°31'51.38"N,3°06'58.57"E,43°57'12.82"N,0°48'57.78"E,44.60831,2.27306,45.6697,1.39244,45.24316,3.76039,43.53094,3.11627,43.95356,.81605,LC81980292013193LGN00,LC81980292013193LGN00,http://earthexplorer.usgs.gov/download/options/4923/LC81980292013193LGN00
LC81980302013177LGN01, 198, 030, 198, 030,FULL,NADIR,NOMINAL,N/A,LO8BPF20130626102914_20130626104952.01,LT8BPF20130626102520_20130626105045.01,L8CPF20130401_20130627.08,L8RLUT20130211_20150302v10.h5,-.001,LGN,DAY,L1T,OLI_TIRS,2013/06/26,2013:177:10:37:55.4567540,2013:177:10:38:27.2267500,2016/01/13,9,3.55,64.64587312,134.62294485,4.639,5.72,364,3,Y,LPGS_2.6.0,43°11'05.21"N,1°46'59.88"E,44°14'39.84"N,0°55'08.94"E,43°49'26.90"N,3°13'53.29"E,42°06'34.06"N,2°36'44.28"E,42°31'35.08"N,0°21'47.74"E,43.18478,1.7833,44.2444,.91915,43.82414,3.23147,42.10946,2.6123,42.52641,.36326,LC81980302013177LGN01,LC81980302013177LGN01,http://earthexplorer.usgs.gov/download/options/4923/LC81980302013177LGN01
LC81980312013193LGN00, 198, 031, 198, 031,FULL,NADIR,NOMINAL,N/A,LO8BPF20130712102917_20130712104955.01,LT8BPF20130712102523_20130712105048.01,L8CPF20130701_20130919.05,L8RLUT20130211_20150302v10.h5,-.001,LGN,DAY,L1T,OLI_TIRS,2013/07/12,2013:193:10:38:22.0019200,2013:193:10:38:53.7719160,2015/05/05,9,4.01,63.88664202,132.54092468,3.763,3.596,532,2,Y,LPGS_2.5.0,41°45'33.88"N,1°17'49.78"E,42°49'02.64"N,0°26'59.10"E,42°24'12.02"N,2°42'29.38"E,40°41'09.56"N,2°06'42.23"E,41°05'50.42"N,0°05'15.50"W,41.75941,1.29716,42.8174,.44975,42.40334,2.70816,40.68599,2.11173,41.09734,-.08764,LC81980312013193LGN00,LC81980312013193LGN00,http://earthexplorer.usgs.gov/download/options/4923/LC81980312013193LGN00
LC81990242013248LGN00, 199, 024, 199, 024,FULL,NADIR,NOMINAL,N/A,LO8BPF20130905103530_20130905111342.01,LT8BPF20130905103136_20130905111435.01,L8CPF20130701_20130919.05,L8RLUT20130211_20431231v09.h5,-.001,LGN,DAY,L1T,OLI_TIRS,2013/09/05,2013:248:10:41:48.1187400,2013:248:10:42:19.8887360,2015/01/08,9,.39,43.33365435,158.44016561,5.651,5.108,-1,2,Y,LPGS_2.4.0,51°41'36.10"N,3°32'04.24"E,52°46'00.44"N,2°33'13.64"E,52°17'50.24"N,5°16'31.33"E,50°36'08.96"N,4°27'44.03"E,51°03'49.61"N,1°50'14.89"E,51.69336,3.53451,52.76679,2.55379,52.29729,5.27537,50.60249,4.46223,51.06378,1.83747,LC81990242013248LGN00,LC81990242013248LGN00,http://earthexplorer.usgs.gov/download/options/4923/LC81990242013248LGN00
LC81990252013200LGN00, 199, 025, 199, 025,FULL,NADIR,NOMINAL,N/A,LO8BPF20130719103550_20130719105604.02,LT8BPF20130719103156_20130719105657.02,L8CPF20130701_20130919.05,L8RLUT20130211_20431231v09.h5,-.001,LGN,DAY,L1T,OLI_TIRS,2013/07/19,2013:200:10:42:07.9782450,2013:200:10:42:39.7482410,2014/11/13,9,.08,57.3935372,147.50403094,5.053,4.778,-1,2,Y,LPGS_2.4.0,50°16'52.57"N,2°56'38.80"E,51°21'06.95"N,1°59'13.09"E,50°53'34.58"N,4°37'28.13"E,49°11'36.60"N,3°51'07.09"E,49°38'43.12"N,1°18'15.66"E,50.28127,2.94411,51.35193,1.98697,50.89294,4.62448,49.1935,3.85197,49.64531,1.30435,LC81990252013200LGN00,LC81990252013200LGN00,http://earthexplorer.usgs.gov/download/options/4923/LC81990252013200LGN00
LC81990262013248LGN00, 199, 026, 199, 026,FULL,NADIR,NOMINAL,N/A,LO8BPF20130905103530_20130905111342.01,LT8BPF20130905103136_20130905111435.01,L8CPF20130701_20130919.05,L8RLUT20130211_20431231v09.h5,-.001,LGN,DAY,L1T,OLI_TIRS,2013/09/05,2013:248:10:42:35.8881060,2013:248:10:43:07.6581020,2014/11/08,9,.1,45.69249962,156.0006642,4.536,4.46,-1,2,Y,LPGS_2.4.0,48°51'59.40"N,2°19'33.10"E,49°56'03.62"N,1°23'13.06"E,49°29'02.87"N,3°57'12.49"E,47°46'54.66"N,3°13'07.14"E,48°13'32.99"N,0°44'09.10"E,48.8665,2.32586,49.93434,1.38696,49.48413,3.95347,47.78185,3.21865,48.22583,.73586,LC81990262013248LGN00,LC81990262013248LGN00,http://earthexplorer.usgs.gov/download/options/4923/LC81990262013248LGN00
LC81990272013248LGN00, 199, 027, 199, 027,FULL,NADIR,NOMINAL,N/A,LO8BPF20130905103530_20130905111342.01,LT8BPF20130905103136_20130905111435.01,L8CPF20130701_20130919.05,L8RLUT20130211_20150302v10.h5,-.001,LGN,DAY,L1T,OLI_TIRS,2013/09/05,2013:248:10:42:59.7791430,2013:248:10:43:31.5491390,2015/05/12,9,.02,46.85262798,154.74386539,4.377,3.858,484,2,Y,LPGS_2.5.0,47°26'56.62"N,1°45'47.12"E,48°30'51.91"N,0°50'37.97"E,48°04'21.58"N,3°20'26.59"E,46°22'01.42"N,2°38'21.66"E,46°48'12.46"N,0°13'13.73"E,47.44906,1.76309,48.51442,.84388,48.07266,3.34072,46.36706,2.63935,46.80346,.22048,LC81990272013248LGN00,LC81990272013248LGN00,http://earthexplorer.usgs.gov/download/options/4923/LC81990272013248LGN00
LC81990282013248LGN00, 199, 028, 199, 028,FULL,NADIR,NOMINAL,N/A,LO8BPF20130905103530_20130905111342.01,LT8BPF20130905103136_20130905111435.01,L8CPF20130701_20130919.05,L8RLUT20130211_20431231v09.h5,-.001,LGN,DAY,L1T,OLI_TIRS,2013/09/05,2013:248:10:43:23.6617080,2013:248:10:43:55.4317040,2014/12/24,9,.01,47.99789786,153.45481189,5.365,5.322,-1,2,Y,LPGS_2.4.0,46°01'47.53"N,1°13'29.24"E,47°05'35.12"N,0°19'27.41"E,46°39'32.51"N,2°45'22.36"E,44°57'01.26"N,2°05'06.32"E,45°22'47.32"N,0°16'26.98"W,46.02987,1.22479,47.09309,.32428,46.65903,2.75621,44.95035,2.08509,45.37981,-.27416,LC81990282013248LGN00,LC81990282013248LGN00,http://earthexplorer.usgs.gov/download/options/4923/LC81990282013248LGN00
LC81990292013248LGN00, 199, 029, 199, 029,FULL,NADIR,NOMINAL,N/A,LO8BPF20130905103530_20130905111342.01,LT8BPF20130905103136_20130905111435.01,L8CPF20130701_20130919.05,L8RLUT20130211_20150302v10.h5,-.001,LGN,DAY,L1T,OLI_TIRS,2013/09/05,2013:248:10:43:47.5485090,2013:248:10:44:19.3185050,2016/01/13,9,.03,49.12755696,152.12652842,2.991,2.924,679,3,Y,LPGS_2.6.0,44°36'30.28"N,0°42'29.56"E,45°40'10.70"N,0°10'27.95"W,45°14'33.40"N,2°11'49.38"E,43°31'52.10"N,1°33'12.10"E,43°57'15.34"N,0°45'01.22"W,44.60841,.70821,45.66964,-.17443,45.24261,2.19705,43.53114,1.55336,43.95426,-.75034,LC81990292013248LGN00,LC81990292013248LGN00,http://earthexplorer.usgs.gov/download/options/4923/LC81990292013248LGN00
LC81990302013248LGN00, 199, 030, 199, 030,FULL,NADIR,NOMINAL,N/A,LO8BPF20130905103530_20130905111342.01,LT8BPF20130905103136_20130905111435.01,L8CPF20130701_20130919.05,L8RLUT20130211_20150302v10.h5,-.001,LGN,DAY,L1T,OLI_TIRS,2013/09/05,2013:248:10:44:11.4437820,2013:248:10:44:43.2137780,2016/01/13,9,.41,50.24043514,150.75267912,3.187,3.511,502,3,Y,LPGS_2.6.0,43°11'04.45"N,0°12'40.72"E,44°14'38.58"N,0°39'16.13"W,43°49'24.49"N,1°39'38.52"E,42°06'33.77"N,1°02'31.13"E,42°31'36.01"N,1°12'35.68"W,43.18457,.21131,44.24405,-.65448,43.82347,1.6607,42.10938,1.04198,42.52667,-1.20991,LC81990302013248LGN00,LC81990302013248LGN00,http://earthexplorer.usgs.gov/download/options/4923/LC81990302013248LGN00
LC81990312013248LGN00, 199, 031, 199, 031,FULL,NADIR,NOMINAL,N/A,LO8BPF20130905103530_20130905111342.01,LT8BPF20130905103136_20130905111435.01,L8CPF20130701_20130919.05,L8RLUT20130211_20150302v10.h5,-.001,LGN,DAY,L1T,OLI_TIRS,2013/09/05,2013:248:10:44:35.3263470,2013:248:10:45:07.0963420,2016/01/13,9,.52,51.33399637,149.3283121,4.064,4.704,588,3,Y,LPGS_2.6.0,41°45'35.24"N,0°16'02.32"W,42°49'03.47"N,1°07'00.80"W,42°24'10.80"N,1°08'43.44"E,40°41'11.33"N,0°32'57.77"E,41°05'54.24"N,1°39'13.72"W,41.75979,-.26731,42.81763,-1.11689,42.403,1.1454,40.68648,.54938,41.0984,-1.65381,LC81990312013248LGN00,LC81990312013248LGN00,http://earthexplorer.usgs.gov/download/options/4923/LC81990312013248LGN00
LC82000242013271LGN00, 200, 024, 200, 024,FULL,NADIR,NOMINAL,N/A,LO8BPF20130928103756_20130928110145.01,LT8BPF20130928103402_20130928110238.01,L8CPF20130920_20130930.05,L8RLUT20130211_20150302v10.h5,-.001,LGN,DAY,L1T,OLI_TIRS,2013/09/28,2013:271:10:47:49.1977620,2013:271:10:48:20.9677580,2015/04/29,9,20.59,35.08606448,163.28962345,6.159,5.385,259,2,Y,LPGS_2.5.0,51°41'34.76"N,2°00'34.74"E,52°45'59.00"N,1°01'44.65"E,52°17'49.78"N,3°45'00.50"E,50°36'08.03"N,2°56'13.85"E,51°03'47.66"N,0°18'46.69"E,51.69299,2.00965,52.76639,1.02907,52.29716,3.75014,50.60223,2.93718,51.06324,.31297,LC82000242013271LGN00,LC82000242013271LGN00,http://earthexplorer.usgs.gov/download/options/4923/LC82000242013271LGN00
LC82000252013191LGN00, 200, 025, 200, 025,FULL,NADIR,NOMINAL,N/A,LO8BPF20130710092611_20130710110616.03,LT8BPF20130710103809_20130710110709.01,L8CPF20130701_20130919.05,L8RLUT20130211_20431231v09.h5,-.001,LGN,DAY,L1T,OLI_TIRS,2013/07/10,2013:191:10:48:20.4330340,2013:191:10:48:52.2030290,2015/02/27,9,10.88,58.78166224,146.88259995,5.589,5.874,-1,2,Y,LPGS_2.4.0,50°16'52.07"N,1°23'26.41"E,51°21'06.37"N,0°26'00.67"E,50°53'33.97"N,3°04'15.82"E,49°11'36.17"N,2°17'54.78"E,49°38'42.68"N,0°14'56.72"W,50.28113,1.39067,51.35177,.43352,50.89277,3.07106,49.19338,2.29855,49.64519,-.24909,LC82000252013191LGN00,LC82000252013191LGN00,http://earthexplorer.usgs.gov/download/options/4923/LC82000252013191LGN00
LC82000262013191LGN00, 200, 026, 200, 026,FULL,NADIR,NOMINAL,N/A,LO8BPF20130710092611_20130710110616.03,LT8BPF20130710103809_20130710110709.01,L8CPF20130701_20130919.05,L8RLUT20130211_20431231v09.h5,-.001,LGN,DAY,L1T,OLI_TIRS,2013/07/10,2013:191:10:48:44.3155980,2013:191:10:49:16.0855940,2014/12/09,9,1.62,59.77393758,144.72647426,5.456,5.484,-1,2,Y,LPGS_2.4.0,48°51'58.25"N,0°48'03.10"E,49°56'03.05"N,0°08'09.02"W,49°29'03.77"N,2°25'37.49"E,47°46'52.97"N,1°41'30.12"E,48°13'29.75"N,0°47'15.22"W,48.86618,.80086,49.93418,-.13584,49.48438,2.42708,47.78138,1.6917,48.22493,-.78756,LC82000262013191LGN00,LC82000262013191LGN00,http://earthexplorer.usgs.gov/download/options/4923/LC82000262013191LGN00
LC82000272013191LGN00, 200, 027, 200, 027,FULL,NADIR,NOMINAL,N/A,LO8BPF20130710092611_20130710110616.03,LT8BPF20130710103809_20130710110709.01,L8CPF20130701_20130919.05,L8RLUT20130211_20431231v09.h5,-.001,LGN,DAY,L1T,OLI_TIRS,2013/07/10,2013:191:10:49:08.1896910,2013:191:10:49:39.9596870,2014/12/09,9,.28,60.73120768,142.47321596,5.84,5.659,-1,2,Y,LPGS_2.4.0,47°26'57.77"N,0°14'17.52"E,48°30'53.75"N,0°40'44.47"W,48°04'24.85"N,1°48'51.59"E,46°22'02.10"N,1°06'44.89"E,46°48'11.59"N,1°18'10.69"W,47.44938,.2382,48.51493,-.67902,48.07357,1.81433,46.36725,1.11247,46.80322,-1.30297,LC82000272013191LGN00,LC82000272013191LGN00,http://earthexplorer.usgs.gov/download/options/4923/LC82000272013191LGN00
LC82000282013223LGN00, 200, 028, 200, 028,FULL,NADIR,NOMINAL,N/A,LO8BPF20130811104204_20130811110617.03,LT8BPF20130811103810_20130811110710.03,L8CPF20130701_20130919.05,L8RLUT20130211_20431231v09.h5,-.001,LGN,DAY,L1T,OLI_TIRS,2013/08/11,2013:223:10:49:33.0738940,2013:223:10:50:04.8438900,2014/12/23,9,.45,55.35748718,146.15363348,6.092,6.394,-1,2,Y,LPGS_2.4.0,46°01'46.88"N,0°18'19.15"W,47°05'34.73"N,1°12'18.00"W,46°39'32.80"N,1°13'31.62"E,44°57'00.50"N,0°33'15.08"E,45°22'45.84"N,1°48'13.18"W,46.02969,-.30532,47.09298,-1.205,46.65911,1.22545,44.95014,.55419,45.3794,-1.80366,LC82000282013223LGN00,LC82000282013223LGN00,http://earthexplorer.usgs.gov/download/options/4923/LC82000282013223LGN00
LC82000292013223LGN00, 200, 029, 200, 029,FULL,NADIR,NOMINAL,N/A,LO8BPF20130811104204_20130811110617.03,LT8BPF20130811103810_20130811110710.03,L8CPF20130701_20130919.05,L8RLUT20130211_20150302v10.h5,-.001,LGN,DAY,L1T,OLI_TIRS,2013/08/11,2013:223:10:49:56.9564590,2013:223:10:50:28.7264550,2016/01/13,9,.13,56.35732849,144.30616662,4.436,4.809,358,3,Y,LPGS_2.6.0,44°36'30.06"N,0°49'18.91"W,45°40'10.74"N,1°42'13.57"W,45°14'34.19"N,0°39'58.54"E,43°31'51.74"N,0°01'20.68"E,43°57'14.22"N,2°16'47.64"W,44.60835,-.82192,45.66965,-1.70377,45.24283,.66626,43.53104,.02241,43.95395,-2.2799,LC82000292013223LGN00,LC82000292013223LGN00,http://earthexplorer.usgs.gov/download/options/4923/LC82000292013223LGN00
LC82000302013223LGN00, 200, 030, 200, 030,FULL,NADIR,NOMINAL,N/A,LO8BPF20130811104204_20130811110617.03,LT8BPF20130811103810_20130811110710.03,L8CPF20130701_20130919.05,L8RLUT20130211_20150302v10.h5,-.001,LGN,DAY,L1T,OLI_TIRS,2013/08/11,2013:223:10:50:20.8474960,2013:223:10:50:52.6174920,2016/01/13,9,.17,57.32767554,142.37801746,3.916,3.624,437,3,Y,LPGS_2.6.0,43°11'04.60"N,1°19'07.97"W,44°14'38.98"N,2°11'02.04"W,43°49'25.50"N,0°07'48.00"E,42°06'33.62"N,0°29'19.93"W,42°31'35.33"N,2°44'22.34"W,43.18461,-1.31888,44.24416,-2.1839,43.82375,.13,42.10934,-.48887,42.52648,-2.73954,LC82000302013223LGN00,LC82000302013223LGN00,http://earthexplorer.usgs.gov/download/options/4923/LC82000302013223LGN00
LC82000312013223LGN00, 200, 031, 200, 031,FULL,NADIR,NOMINAL,N/A,LO8BPF20130811104204_20130811110617.03,LT8BPF20130811103810_20130811110710.03,L8CPF20130701_20130919.05,L8RLUT20130211_20150302v10.h5,-.001,LGN,DAY,L1T,OLI_TIRS,2013/08/11,2013:223:10:50:44.7258250,2013:223:10:51:16.4958210,2016/01/13,9,.08,58.26496681,140.36363767,2.916,4.107,512,3,Y,LPGS_2.6.0,41°45'35.53"N,1°47'50.93"W,42°49'04.22"N,2°38'47.98"W,42°24'11.81"N,0°23'06.14"W,40°41'11.33"N,0°58'52.32"W,41°05'53.99"N,3°11'01.57"W,41.75987,-1.79748,42.81784,-2.64666,42.40328,-.38504,40.68648,-.9812,41.09833,-3.18377,LC82000312013223LGN00,LC82000312013223LGN00,http://earthexplorer.usgs.gov/download/options/4923/LC82000312013223LGN00
LC82010242013198LGN00, 201, 024, 201, 024,FULL,NADIR,NOMINAL,N/A,LO8BPF20130717104813_20130717111202.02,LT8BPF20130717104419_20130717111255.02,L8CPF20130701_20130919.05,L8RLUT20130211_20431231v09.h5,-.001,LGN,DAY,L1T,OLI_TIRS,2013/07/17,2013:198:10:54:06.2964590,2013:198:10:54:38.0664550,2014/11/04,9,2.91,56.70414697,149.30723704,6.004,7.487,-1,2,Y,LPGS_2.4.0,51°41'36.38"N,0°28'13.30"E,52°46'01.27"N,0°30'28.73"W,52°17'52.80"N,2°12'34.45"E,50°36'09.00"N,1°23'44.95"E,51°03'47.81"N,1°13'30.11"W,51.69344,.47036,52.76702,-.50798,52.298,2.20957,50.6025,1.39582,51.06328,-1.22503,LC82010242013198LGN00,LC82010242013198LGN00,http://earthexplorer.usgs.gov/download/options/4923/LC82010242013198LGN00
LC82010252013198LGN00, 201, 025, 201, 025,FULL,NADIR,NOMINAL,N/A,LO8BPF20130717104813_20130717111202.02,LT8BPF20130717104419_20130717111255.02,L8CPF20130701_20130919.05,L8RLUT20130211_20431231v09.h5,-.001,LGN,DAY,L1T,OLI_TIRS,2013/07/17,2013:198:10:54:30.1790240,2013:198:10:55:01.9490200,2014/11/18,9,5.64,57.73499477,147.31607294,7.215,5.249,-1,2,Y,LPGS_2.4.0,50°16'51.89"N,0°08'57.19"W,51°21'06.19"N,1°06'23.00"W,50°53'33.94"N,1°31'51.89"E,49°11'35.99"N,0°45'31.00"E,49°38'42.40"N,1°47'20.26"W,50.28108,-.14922,51.35172,-1.10639,50.89276,1.53108,49.19333,.75861,49.64511,-1.78896,LC82010252013198LGN00,LC82010252013198LGN00,http://earthexplorer.usgs.gov/download/options/4923/LC82010252013198LGN00
LC82010262013198LGN00, 201, 026, 201, 026,FULL,NADIR,NOMINAL,N/A,LO8BPF20130717104813_20130717111202.02,LT8BPF20130717104419_20130717111255.02,L8CPF20130701_20130919.05,L8RLUT20130211_20431231v09.h5,-.001,LGN,DAY,L1T,OLI_TIRS,2013/07/17,2013:198:10:54:54.0615890,2013:198:10:55:25.8315850,2015/02/27,9,.37,58.7360493,145.24505449,6.12,5.6,-1,2,Y,LPGS_2.4.0,48°51'58.00"N,0°44'20.44"W,49°56'02.80"N,1°40'32.20"W,49°29'03.80"N,0°53'13.31"E,47°46'52.75"N,0°09'06.08"E,48°13'29.32"N,2°19'38.35"W,48.86611,-.73901,49.93411,-1.67561,49.48439,.88703,47.78132,.15169,48.22481,-2.32732,LC82010262013198LGN00,LC82010262013198LGN00,http://earthexplorer.usgs.gov/download/options/4923/LC82010262013198LGN00
LC82010272013246LGN00, 201, 027, 201, 027,FULL,NADIR,NOMINAL,N/A,LO8BPF20130903104418_20130903111206.02,LT8BPF20130903104024_20130903111259.01,L8CPF20130701_20130919.05,L8RLUT20130211_20431231v09.h5,-.001,LGN,DAY,L1T,OLI_TIRS,2013/09/03,2013:246:10:55:21.7711470,2013:246:10:55:53.5411430,2014/12/12,9,.06,47.50836422,154.19680193,5.658,5.641,-1,2,Y,LPGS_2.4.0,47°26'56.04"N,1°19'38.50"W,48°30'51.55"N,2°14'47.40"W,48°04'21.22"N,0°15'00.50"E,46°22'00.91"N,0°27'04.50"W,46°48'11.92"N,2°52'11.75"W,47.4489,-1.32736,48.51432,-2.2465,48.07256,.25014,46.36692,-.45125,46.80331,-2.86993,LC82010272013246LGN00,LC82010272013246LGN00,http://earthexplorer.usgs.gov/download/options/4923/LC82010272013246LGN00
LC82010282013246LGN00, 201, 028, 201, 028,FULL,NADIR,NOMINAL,N/A,LO8BPF20130903104418_20130903111206.02,LT8BPF20130903104024_20130903111259.01,L8CPF20130701_20130919.05,L8RLUT20130211_20150302v10.h5,-.001,LGN,DAY,L1T,OLI_TIRS,2013/09/03,2013:246:10:55:45.6537120,2013:246:10:56:17.4237080,2015/03/11,9,.02,48.64474222,152.87269881,6.038,5.566,-1,2,Y,LPGS_2.4.0,46°01'47.06"N,1°51'56.70"W,47°05'34.62"N,2°45'58.46"W,46°39'31.86"N,0°20'03.26"W,44°57'00.72"N,1°00'19.37"W,45°22'46.92"N,3°21'52.96"W,46.02974,-1.86575,47.09295,-2.76624,46.65885,-.33424,44.9502,-1.00538,45.3797,-3.36471,LC82010282013246LGN00,LC82010282013246LGN00,http://earthexplorer.usgs.gov/download/options/4923/LC82010282013246LGN00
LC82010292013246LGN00, 201, 029, 201, 029,FULL,NADIR,NOMINAL,N/A,LO8BPF20130903104418_20130903111206.02,LT8BPF20130903104024_20130903111259.01,L8CPF20130701_20130919.05,L8RLUT20130211_20150302v10.h5,-.001,LGN,DAY,L1T,OLI_TIRS,2013/09/03,2013:246:10:56:09.5405130,2013:246:10:56:41.3105090,2015/03/22,9,.02,49.76480879,151.50716007,5.351,7.243,-1,2,Y,LPGS_2.4.0,44°36'29.77"N,2°22'56.24"W,45°40'10.31"N,3°15'54.11"W,45°14'32.86"N,0°53'36.42"W,43°31'51.67"N,1°32'13.85"W,43°57'15.01"N,3°50'27.53"W,44.60827,-2.38229,45.66953,-3.26503,45.24246,-.89345,43.53102,-1.53718,43.95417,-3.84098,LC82010292013246LGN00,LC82010292013246LGN00,http://earthexplorer.usgs.gov/download/options/4923/LC82010292013246LGN00
LC82010302013246LGN00, 201, 030, 201, 030,FULL,NADIR,NOMINAL,N/A,LO8BPF20130903104418_20130903111206.02,LT8BPF20130903104024_20130903111259.01,L8CPF20130701_20130919.05,L8RLUT20130211_20150302v10.h5,-.001,LGN,DAY,L1T,OLI_TIRS,2013/09/03,2013:246:10:56:33.4273140,2013:246:10:57:05.1973090,2016/01/13,9,.07,50.86678721,150.09393796,2.76,4.015,377,3,Y,LPGS_2.6.0,43°11'05.86"N,2°52'44.69"W,44°14'40.06"N,3°44'41.93"W,43°49'25.68"N,1°25'46.38"W,42°06'35.03"N,2°02'53.92"W,42°31'37.52"N,4°18'01.62"W,43.18496,-2.87908,44.24446,-3.74498,43.8238,-1.42955,42.10973,-2.04831,42.52709,-4.30045,LC82010302013246LGN00,LC82010302013246LGN00,http://earthexplorer.usgs.gov/download/options/4923/LC82010302013246LGN00
LC82020252013189LGN00, 202, 025, 202, 025,FULL,NADIR,NOMINAL,N/A,LO8BPF20130708105624_20130708111350.01,LT8BPF20130708105230_20130708111443.01,L8CPF20130701_20130919.05,L8RLUT20130211_20431231v09.h5,-.001,LGN,DAY,L1T,OLI_TIRS,2013/07/08,2013:189:11:00:42.0027230,2013:189:11:01:13.7727190,2014/02/06,9,.42,59.0334031,146.82506532,6.612,5.204,-1,1,Y,LPGS_2.3.0,50°16'51.82"N,1°41'56.58"W,51°21'06.16"N,2°39'21.85"W,50°53'33.79"N,0°01'07.46"W,49°11'35.95"N,0°47'28.75"W,49°38'42.47"N,3°20'19.46"W,50.28106,-1.69905,51.35171,-2.65607,50.89272,-.01874,49.19332,-.79132,49.64513,-3.33874,LC82020252013189LGN00,LC82020252013189LGN00,http://earthexplorer.usgs.gov/download/options/4923/LC82020252013189LGN00
LC82020262013189LGN00, 202, 026, 202, 026,FULL,NADIR,NOMINAL,N/A,LO8BPF20130708105624_20130708111350.01,LT8BPF20130708105230_20130708111443.01,L8CPF20130701_20130919.05,L8RLUT20130211_20431231v09.h5,-.001,LGN,DAY,L1T,OLI_TIRS,2013/07/08,2013:189:11:01:05.8852880,2013:189:11:01:37.6552840,2014/02/05,9,.43,60.02441856,144.64903322,5.731,5.299,-1,1,Y,LPGS_2.3.0,48°51'58.07"N,2°17'19.90"W,49°56'02.72"N,3°13'31.37"W,49°29'03.59"N,0°39'46.26"W,47°46'52.79"N,1°23'53.88"W,48°13'29.50"N,3°52'37.81"W,48.86613,-2.28886,49.93409,-3.22538,49.48433,-.66285,47.78133,-1.3983,48.22486,-3.87717,LC82020262013189LGN00,LC82020262013189LGN00,http://earthexplorer.usgs.gov/download/options/4923/LC82020262013189LGN00
LC82020272013189LGN00, 202, 027, 202, 027,FULL,NADIR,NOMINAL,N/A,LO8BPF20130708105624_20130708111350.01,LT8BPF20130708105230_20130708111443.01,L8CPF20130701_20130919.05,L8RLUT20130211_20431231v09.h5,-.001,LGN,DAY,L1T,OLI_TIRS,2013/07/08,2013:189:11:01:29.7593810,2013:189:11:02:01.5293770,2014/02/06,9,.02,60.9799523,142.37351508,5.464,5.187,-1,1,Y,LPGS_2.3.0,47°26'57.62"N,2°51'05.90"W,48°30'53.57"N,3°46'07.18"W,48°04'24.67"N,1°16'31.87"W,46°22'01.96"N,1°58'39.00"W,46°48'11.45"N,4°23'33.86"W,47.44934,-2.85164,48.51488,-3.76866,48.07352,-1.27552,46.36721,-1.9775,46.80318,-4.39274,LC82020272013189LGN00,LC82020272013189LGN00,http://earthexplorer.usgs.gov/download/options/4923/LC82020272013189LGN00
LC82030252013196LGN00, 203, 025, 203, 025,FULL,NADIR,NOMINAL,N/A,LO8BPF20130715105636_20130715111913.02,LT8BPF20130715105242_20130715112006.02,L8CPF20130701_20130919.05,L8RLUT20130211_20431231v09.h5,-.001,LGN,DAY,L1T,OLI_TIRS,2013/07/15,2013:196:11:06:52.2908480,2013:196:11:07:24.0608440,2015/01/27,9,18.3,58.05745184,147.1558447,6.174,5.644,-1,2,Y,LPGS_2.4.0,50°16'51.17"N,3°14'31.56"W,51°21'05.26"N,4°11'56.18"W,50°53'33.47"N,1°33'43.49"W,49°11'35.41"N,2°20'04.34"W,49°38'41.35"N,4°52'53.51"W,50.28088,-3.2421,51.35146,-4.19894,50.89263,-1.56208,49.19317,-2.33454,49.64482,-4.88153,LC82030252013196LGN00,LC82030252013196LGN00,http://earthexplorer.usgs.gov/download/options/4923/LC82030252013196LGN00
LC82030262013244LGN00, 203, 026, 203, 026,FULL,NADIR,NOMINAL,N/A,LO8BPF20130901105639_20130901111916.02,LT8BPF20130901105245_20130901112009.02,L8CPF20130701_20130919.05,L8RLUT20130211_20150302v10.h5,-.001,LGN,DAY,L1T,OLI_TIRS,2013/09/01,2013:244:11:07:19.7830590,2013:244:11:07:51.5530550,2015/03/22,9,21,47.011514,154.96844435,6.142,4.959,-1,2,Y,LPGS_2.4.0,48°51'58.14"N,3°51'18.79"W,49°56'02.18"N,4°47'37.28"W,49°29'01.82"N,2°13'40.76"W,47°46'53.47"N,2°57'46.33"W,48°13'31.40"N,5°26'41.60"W,48.86615,-3.85522,49.93394,-4.79369,49.48384,-2.22799,47.78152,-2.96287,48.22539,-5.44489,LC82030262013244LGN00,LC82030262013244LGN00,http://earthexplorer.usgs.gov/download/options/4923/LC82030262013244LGN00
LC82030272013244LGN00, 203, 027, 203, 027,FULL,NADIR,NOMINAL,N/A,LO8BPF20130901105639_20130901111916.02,LT8BPF20130901105245_20130901112009.02,L8CPF20130701_20130919.05,L8RLUT20130211_20150302v10.h5,-.001,LGN,DAY,L1T,OLI_TIRS,2013/09/01,2013:244:11:07:43.6698600,2013:244:11:08:15.4398560,2015/03/22,9,4.09,48.15502821,153.64557736,5.684,4.971,-1,2,Y,LPGS_2.4.0,47°26'56.18"N,4°25'04.44"W,48°30'51.52"N,5°20'12.62"W,48°04'21.40"N,2°50'26.05"W,46°22'01.09"N,3°32'31.09"W,46°48'11.84"N,5°57'37.08"W,47.44894,-4.4179,48.51431,-5.33684,48.07261,-2.84057,46.36697,-3.54197,46.80329,-5.9603,LC82030272013244LGN00,LC82030272013244LGN00,http://earthexplorer.usgs.gov/download/options/4923/LC82030272013244LGN00
LC82040252013187LGN00, 204, 025, 204, 025,FULL,NADIR,NOMINAL,N/A,LO8BPF20130706110933_20130706112500.01,LT8BPF20130706110539_20130706112553.02,L8CPF20130701_20130919.05,L8RLUT20130211_20431231v09.h5,-.001,LGN,DAY,L1T,OLI_TIRS,2013/07/06,2013:187:11:13:03.4708360,2013:187:11:13:35.2408310,2015/02/23,9,7.59,59.26363324,146.79579915,5.475,5.437,-1,2,Y,LPGS_2.4.0,50°16'51.49"N,4°47'19.50"W,51°21'05.72"N,5°44'44.12"W,50°53'33.47"N,3°06'30.92"W,49°11'35.70"N,3°52'52.36"W,49°38'42.07"N,6°25'41.92"W,50.28097,-4.78875,51.35159,-5.74559,50.89263,-3.10859,49.19325,-3.88121,49.64502,-6.42831,LC82040252013187LGN00,LC82040252013187LGN00,http://earthexplorer.usgs.gov/download/options/4923/LC82040252013187LGN00
LC82040262013187LGN00, 204, 026, 204, 026,FULL,NADIR,NOMINAL,N/A,LO8BPF20130706110933_20130706112500.01,LT8BPF20130706110539_20130706112553.02,L8CPF20130701_20130919.05,L8RLUT20130211_20150302v10.h5,-.001,LGN,DAY,L1T,OLI_TIRS,2013/07/06,2013:187:11:13:27.3491650,2013:187:11:13:59.1191600,2015/11/03,9,2.41,60.25375837,144.6023318,7.082,5.221,158,1,Y,LPGS_2.5.1,48°51'58.72"N,5°22'42.49"W,49°56'03.37"N,6°18'53.93"W,49°29'04.20"N,3°45'08.96"W,47°46'53.40"N,4°29'16.66"W,48°13'30.11"N,6°58'00.48"W,48.86631,-5.37847,49.93427,-6.31498,49.4845,-3.75249,47.7815,-4.48796,48.22503,-6.9668,LC82040262013187LGN00,LC82040262013187LGN00,http://earthexplorer.usgs.gov/download/options/4923/LC82040262013187LGN00
LC82040272013187LGN00, 204, 027, 204, 027,FULL,NADIR,NOMINAL,N/A,LO8BPF20130706110933_20130706112500.01,LT8BPF20130706110539_20130706112553.02,L8CPF20130701_20130919.05,L8RLUT20130211_20150302v10.h5,-.001,LGN,DAY,L1T,OLI_TIRS,2013/07/06,2013:187:11:13:51.2274930,2013:187:11:14:22.9974890,2016/03/15,9,.97,61.20840835,142.30650851,6.794,7.011,28,3,Y,LPGS_2.6.0,47°26'57.19"N,5°56'28.86"W,48°30'53.32"N,6°51'30.38"W,48°04'24.35"N,4°21'54.86"W,46°22'01.60"N,5°04'01.88"W,46°48'11.20"N,7°28'56.93"W,47.44922,-5.94135,48.51481,-6.85844,48.07343,-4.36524,46.36711,-5.06719,46.80311,-7.48248,LC82040272013187LGN00,LC82040272013187LGN00,http://earthexplorer.usgs.gov/download/options/4923/LC82040272013187LGN00
