INDEX,LIBMIN,1846-Hab.,1900-Hab.,1947-Hab.,2000-Hab.,2012-Hab.,PMUN15,SURFACE,DENSITE,LAT,LONG
1,Anvers,118682,383557,526396,446525,502604,515105,204.51,2519,51.2194475,4.4024643
2,Gand,128828,222895,254216,224180,248242,253948,156.18,1626,51.0543422,3.7174243
3,Charleroi,54694,198837,233737,200827,203871,202906,102.08,1988,50.4108095,4.444643
4,Liège,89943,206384,231502,185639,195576,197419,69.39,2845,50.6325574,5.5796662
5,VilledeBruxelles,129680,218623,184838,133859,166497,178357,32.61,5469,50.8503396,4.3517103
6,Schaerbeek,6211,63508,123671,105692,127747,131573,8.14,16164,50.8674164,4.3772981
7,Bruges,60855,70277,93062,116246,117170,118184,138.40,854,51.209348,3.2246995
8,Anderlecht,5966,47929,86412,87812,111279,117184,17.74,6606,50.8365808,4.308187
9,Namur,42529,62427,77584,105419,110096,111166,175.69,633,50.4673883,4.8719854
10,Louvain,35334,58523,67322,88014,97656,98404,56.63,1738,50.8798438,4.7005176
11,Molenbeek-Saint-Jean,12065,58445,63922,71219,93893,96266,5.89,16344,50.8522009,4.3303277
12,Mons,52106,77263,84072,90935,93072,95379,146.53,651,50.4542408,3.956659
13,Ixelles,14251,58615,90711,73174,83425,85280,6.34,13451,50.8333432,4.3666294
14,Malines,36915,64781,72232,75438,82325,84244,65.19,1292,51.0258761,4.4775362
15,Alost,32910,50500,73147,76313,81853,83920,78.12,1074,50.9378101,4.0409517
16,Uccle,6372,18034,56156,74221,79610,81506,22.91,3558,50.8023982,4.34067
17,LaLouvière,16726,57594,73901,76568,78774,80514,64.24,1163,50.4747995,4.1837388
18,Hasselt,15229,20812,41301,68058,74588,76468,102.24,748,50.93069,5.33248
19,Courtrai,35144,50540,65179,74790,75219,75549,80.02,944,50.8194776,3.2577263
20,Saint-Nicolas,29966,42672,57846,68290,72883,74745,83.80,892,51.1558839,4.154441
21,Ostende,16022,41547,56514,67279,70284,70734,37.72,1875,51.21543,2.928656
22,Tournai,65609,70343,68443,67379,69593,69762,213.75,326,50.6056475,3.3879338
23,Genk,1776,2537,33858,62842,65264,65521,87.85,746,50.96613,5.5021
24,Seraing,17236,63068,77219,60557,63575,64336,35.34,1820,50.5838832,5.4996297
25,Roulers,21563,33688,44011,54199,58823,60735,59.79,1016,50.9499087,3.1294471
26,Mouscron,13713,28773,52245,52492,56011,57120,40.08,1425,50.7459126,3.2192907
27,Verviers,34463,69094,60634,53148,55936,55746,33.07,1686,50.5910564,5.8655951
28,Forest,1324,9509,47370,45555,53312,55113,6.25,8818,50.8134333,4.3248344
29,Woluwe-Saint-Lambert,1182,3468,26344,46528,51871,53986,7.22,7477,50.8489094,4.4320883
30,Jette,1981,10053,29484,39749,48805,50999,5.04,10119,50.8808582,4.3227894
31,Saint-Gilles,4138,51763,61396,42458,49492,50449,2.52,20019,50.8301436,4.3402184
32,Beveren,24723,29847,35829,44977,46752,47460,150.18,316,51.2132494,4.2581649
33,Etterbeek,3084,20838,50040,39404,45502,47026,3.15,14928,50.832578,4.3889939
34,Termonde,20184,28937,38832,43137,44484,45021,55.67,809,51.025477,4.1019516
35,Beringen,7881,7495,19794,39261,43661,44901,78.30,801,51.04793,5.21862
36,Turnhout,14396,20887,32135,38596,41572,42719,56.06,762,51.3216509,4.9375577
37,Vilvorde,6869,14075,27529,34982,41005,42461,21.48,1977,50.9272511,4.4257868
38,Heist-op-den-Berg,12128,15649,26399,37233,40512,41853,86.46,484,51.07443,4.72952
39,Dilbeek,6727,8471,16685,37722,40388,41314,41.18,1003,50.8464506,4.262063
40,Woluwe-Saint-Pierre,1318,2686,18455,37922,40037,41186,8.85,4654,50.8299809,4.4335038
41,Lokeren,21493,26781,31001,36458,39882,40513,67.50,600,51.1023413,3.9940663
42,Saint-Trond,17861,23240,30726,37147,39747,40303,106.90,377,50.8157248,5.1862508
43,Braine-l'Alleud,7674,10957,14881,35259,38882,39736,52.12,762,50.6853626,4.3779197
44,Herstal,10654,24273,35998,36292,38772,39955,23.54,1697,50.66618,5.63289
45,Geel,10234,13070,22295,33677,37848,38879,109.85,354,51.16257,4.99084
46,Evere,1377,3892,15277,31348,37009,38645,5.02,7698,50.8739353,4.4009421
47,Hal,10276,18286,27087,33655,36852,38057,44.40,857,50.73757,4.23251
48,Ninove,19188,23809,30397,34559,37295,38008,72.57,524,50.8336386,4.0188286
49,Maasmechelen,4949,6433,20176,35430,37369,37575,76.28,493,50.9797558,5.7018474
50,Brasschaat,2803,4046,16333,37138,37301,37560,38.49,976,51.29227,4.49419
51,Waregem,11387,13592,22045,35839,36751,37384,44.34,843,50.8868949,3.4231675
52,Grimbergen,6834,8258,15906,32930,35810,36606,38.61,948,50.9335899,4.3732552
53,Châtelet,7365,29741,37684,35452,36196,36383,27.03,1346,50.4061,4.52786
54,Mol,5220,7514,19083,31683,34827,35752,114.26,313,51.191087,5.1170647
55,Ypres,30050,31434,30776,35071,35087,35071,130.61,269,50.8492265,2.8779388
56,Lierre,15860,25292,32167,32191,34276,34675,49.70,698,51.1302138,4.5715092
57,Evergem,17914,17864,21951,31155,33692,34574,75.04,461,51.1099708,3.7067221
58,Tirlemont,15375,24917,31542,31479,32987,34005,71.77,474,50.81057,4.93622
59,Schoten,1836,4229,16937,32733,33766,34004,29.55,1151,51.2497532,4.4977063
60,Lommel,2486,4431,13487,30433,33409,33908,102.37,331,51.2304193,5.3110063
61,Wavre,8152,11773,12728,31033,33231,33625,41.80,804,50.7158956,4.6128075
62,Leeuw-Saint-Pierre,6447,12932,18379,30013,32246,33315,40.38,825,50.7798,4.24368
63,Knokke-Heist,4074,7771,21072,33148,34004,33314,56.44,590,51.34635,3.28586
64,Binche,11737,23388,35519,32190,33002,33284,60.66,549,50.41218,4.1659
65,Grammont,23097,28896,31944,30945,32629,33070,79.71,415,50.7707354,3.8751639
66,Menin,12468,25455,33614,32028,32683,33012,33.07,998,50.7962915,3.121342
67,Heusden-Zolder,3275,3873,13413,30105,32003,32977,53.23,620,51.0384819,5.2904127
68,Auderghem,,4685,18640,28804,31963,32922,9.03,3646,50.8164064,4.4265181
69,Bilzen,9343,11271,17852,29355,31358,31752,75.90,418,50.8718971,5.5167162
70,Zaventem,3929,7815,13640,26901,31715,32751,27.62,1186,50.8854878,4.4709968
71,Wevelgem,11449,15911,23433,31374,31076,31344,38.76,809,50.8089296,3.1836033
72,Ottignies-Louvain-la-Neuve,3349,4314,6789,27380,31182,31242,32.96,948,50.6657252,4.5868116
73,Asse,8514,11127,16841,27931,30875,32133,49.64,647,50.909373,4.2005478
74,Audenarde,21183,21954,25396,27788,30248,30875,68.06,454,50.8469547,3.6013676
75,Courcelles,10471,28861,30461,29706,30502,30976,44.24,700,50.463298,4.3740548
76,Tongres,13351,17654,24197,29723,30557,30728,87.56,351,50.78419,5.47449
77,Houthalen-Helchteren,2223,2220,8430,29215,30356,30668,78.27,392,51.0312424,5.3765453
78,Deinze,15929,16948,19886,27559,29724,30434,75.53,403,50.9875406,3.5235857
79,Waterloo,3202,3976,7598,28986,29731,29533,21.03,1404,50.71469,4.3991
80,Aerschot,8905,13032,19974,27495,28755,29335,62.52,448,50.9859959,4.8365218
81,Tamise,10977,18508,20896,25533,28889,29221,39.91,732,51.12955,4.21275
82,Arlon,10981,16478,17387,24791,28289,29053,118.64,245,49.6851364,5.8104804
83,Ath,25660,27349,23508,25430,28526,28812,126.95,227,50.6304302,3.776992
84,Ans,6887,12293,21752,27528,27769,28338,23.35,1214,50.65694,5.52855
85,Brecht,3681,6238,11097,25091,27906,28268,90.84,311,51.3496533,4.6377227
86,Sambreville,7537,18946,25556,27197,27507,27918,34.20,817,50.446734,4.630735
87,Saint-Josse-ten-Noode,14850,32140,28155,22097,27134,27775,1.14,24364,50.8537715,4.3704657
88,Herentals,5958,9327,17566,25474,27368,27675,48.56,570,51.1768541,4.8355946
89,Nivelles,10388,13457,13853,23751,26819,27739,60.60,458,50.59787,4.32851
90,Harelbeke,8276,11112,18243,26320,26957,27455,29.14,942,50.8567031,3.3106757
91,Izegem,11873,16204,22559,26532,27363,27447,25.48,1077,50.9180785,3.2132192
92,Soignies,17373,20875,20130,24582,26502,27059,110.30,245,50.5764245,4.0706869
93,Kapellen,2504,4072,9680,25671,26546,26993,37.11,727,51.3140004,4.4324004
94,Andenne,12335,20750,21284,23529,25702,26099,86.17,303,50.4911522,5.0964543
95,Flémalle,9806,15580,18060,25777,25593,26049,36.68,710,50.60187,5.44335
96,Lanaken,5596,7305,13257,23500,25599,25937,59.00,440,50.8919647,5.6572276
97,Zottegem,15151,18591,22629,24574,25398,25838,56.66,456,50.8695469,3.8107086
98,Renaix,12197,19936,25924,23849,25403,25809,34.48,749,50.7505367,3.6005095
99,Willebroek,6276,14122,20278,22508,24825,25523,27.41,931,51.05983,4.36404
100,Mortsel,1526,3463,16445,25086,25143,25462,7.78,3273,51.1691158,4.4662486
101,Maaseik,6384,7613,13161,22852,24828,25141,76.91,327,51.0983909,5.7837625
102,Overijse,4904,6249,9610,23738,24716,24782,44.43,558,50.77381,4.53475
103,Westerlo,5730,7054,12295,21960,24379,24623,55.13,447,51.08995,4.91434
104,Oupeye,8063,11126,12905,23720,24302,24692,36.11,684,50.7084747,5.6468265
105,Hamme,13038,17834,21043,22685,24436,24621,40.21,612,51.090201,4.1402689
106,Watermael-Boitsfort,3950,6520,19683,24773,24303,24529,12.93,1897,50.7881573,4.4180065
107,Beersel,6130,10473,14050,22880,24244,24792,30.01,826,50.7669262,4.3084744
108,Zwevegem,15145,14959,17543,23489,24209,24301,63.24,383,50.8129259,3.332698
109,Gembloux,11729,14759,15378,20484,24153,25232,95.86,263,50.56515,4.68843
110,Wetteren,10954,16849,22071,22795,24130,24893,36.68,679,51.0029052,3.8896697
111,Tubize,5424,9658,14694,21461,24108,25255,32.66,773,50.69054,4.2026
112,Merelbeke,7429,9797,14321,21786,23505,24064,36.65,657,50.9945496,3.7456402
113,Ganshoren,1015,2872,9092,19757,23383,24086,2.46,9791,50.8729866,4.3093326
114,Saint-Nicolas,3812,22815,25795,23101,23320,23955,6.84,3502,51.1558839,4.154441
115,Diest,12613,13965,16114,22132,23259,23455,58.20,403,50.98965,5.05016
116,Maldegem,11966,14808,18106,22036,23126,23492,94.64,248,51.2090702,3.44868
117,Saint-Ghislain,11288,16595,19167,22096,23004,22917,70.18,327,50.4491086,3.8183757
118,Berchem-Sainte-Agathe,672,1845,11180,18735,22931,23882,2.95,8095,50.8657821,4.2925975
119,Oostkamp,9936,12882,14511,21218,22764,23138,79.65,290,51.1545363,3.2332169
120,Fleurus,10099,18213,20328,22380,22594,22933,59.28,387,50.4822605,4.5511869
121,Manage,4445,16079,19387,21812,22501,22890,19.60,1168,50.50303,4.23529
122,Scherpenheuvel-Zichem,6052,8551,14650,21720,22592,22823,50.50,452,50.9890432,4.9776281
123,Zemst,5858,7865,11607,20553,22249,22779,42.83,532,50.985535,4.4558434
124,Grâce-Hollogne,5619,7109,6400,22503,22009,22614,34.24,643,50.63412,5.47566
125,Nijlen,4224,5576,12343,20423,22065,22558,39.09,577,51.1613664,4.6705129
126,Zedelgem,8116,11333,13691,22020,22320,22450,60.34,372,51.1421779,3.1368396
127,Coxyde,2454,4476,8807,19729,22153,22139,43.96,504,51.1055159,2.6501419
128,Lochristi,8889,9934,12976,18907,21779,22064,60.34,366,51.0974612,3.8378242
129,Balen,4841,6572,13057,19290,21570,22014,72.88,302,51.1708903,5.1668282
130,Rixensart,3024,4051,9903,21271,21883,22013,17.54,1255,50.7156249,4.5310355
131,Frameries,12762,22277,23343,20679,21253,21837,25.95,841,50.41094,3.89551
132,Zoersel,1714,1876,3343,20164,21555,21739,38.65,562,51.2682227,4.7125694
133,Koekelberg,2198,10650,15103,16211,20661,21577,1.17,18442,50.8633811,4.330338
134,Tervueren,4295,5869,10072,20181,21236,21523,32.92,599,50.8259264,4.5077781
135,Braine-le-Comte,10509,13231,14786,19084,21327,21473,84.68,254,50.60936,4.13484
136,Huy,11580,19028,17823,19056,21205,21433,47.74,449,50.5187153,5.2396656
137,Edegem,1100,1688,7856,22253,21064,21363,8.65,2470,51.1559541,4.4318937
138,Zonhoven,2759,2918,7484,18940,20887,21213,39.34,540,50.98707,5.36716
139,Hoogstraten,6376,7549,11287,17751,20386,21116,105.32,200,51.4021866,4.7619387
140,Herent,4854,8069,12541,18848,20642,21073,32.73,644,50.9092247,4.6768701
141,Chaudfontaine,5182,8074,9381,20607,20944,20980,25.52,822,50.586545,5.6394323
142,Bornem,9539,12054,16240,19939,20866,20952,45.76,458,51.0996057,4.2404586
143,Kontich,4358,5880,10609,19874,20739,20913,23.67,884,51.1352386,4.4450065
144,Zele,11450,12932,16330,20394,20762,20854,33.06,631,51.0700765,4.0403498
145,Eeklo,8927,12897,16903,19069,20274,20701,30.05,689,51.1852719,3.5638899
146,Colfontaine,14785,26569,26490,20480,20430,20616,13.62,1514,50.41423,3.84598
147,Wavre-Sainte-Catherine,5528,8030,14856,19038,20349,20446,36.12,566,51.07045,4.53136
148,Torhout,8477,10146,12223,18838,20149,20383,45.23,451,51.06498,3.10157
149,Dilsen-Stokkem,4418,5744,10741,18187,19947,20214,65.61,308,51.0301998,5.7000888
150,Westwesel,3860,4877,9229,17552,19547,20145,89.43,225,51.38945,4.5912313
151,Tielt,17064,16548,18702,19208,19922,20087,68.50,293,51.0001519,3.3263821
152,Aalter,12675,13342,11739,18509,19860,20072,81.92,245,51.087349,3.448371
153,Blankenberge,2868,6774,12109,17414,19337,19984,17.41,1147,51.3123743,3.1327685
154,Poperinge,20323,21885,21886,19254,19989,19964,119.33,167,50.8549596,2.7267929
155,Boussu,9141,21262,23124,20059,19896,19859,20.01,992,50.43349,3.79559
156,Erpe-Mere,9600,11892,15529,19249,19475,19735,34.03,580,50.914137,3.9568328
157,Kortenberg,4516,6267,9544,17355,19391,19627,34.52,569,50.8884334,4.5440302
158,Denderleeuw,4095,6196,11633,16984,19069,19579,13.77,1422,50.8846118,4.0760221
159,Eupen,,,15996,17516,18949,19477,103.74,188,50.6292029,6.0337111
160,Schilde,2005,2748,5298,19562,19472,19347,35.99,538,51.2407352,4.5834231
161,Middelkerke,6182,8415,11755,16583,19052,19272,75.65,255,51.18511,2.8207883
162,Saint-Gilles-Waes,9056,11978,13555,17302,18876,19216,54.98,350,51.2199257,4.1242507
163,Morlanwelz,6040,16810,18403,18429,19118,19187,20.26,947,50.44888,4.24026
164,Ranst,5010,6239,10179,17575,18463,19029,43.58,437,51.1889958,4.5609189
165,Quaregnon,7425,19253,21293,19178,18862,18988,11.08,1714,50.4444145,3.8646148
166,Zwijndrecht,3475,9069,13204,17801,18643,18908,17.82,1061,51.2164116,4.3335905
167,Jemeppe-sur-Sambre,7696,13438,14303,17523,18644,18827,46.80,402,50.4630907,4.6786862
168,Diepenbeek,2788,3956,7701,17173,18377,18759,41.19,455,50.91083,5.41336
169,Lebbeke,7199,11230,16272,17234,18397,18711,26.92,695,51.0005702,4.1292201
170,Meise,5959,5761,6896,18347,18418,18643,34.82,529,50.9359353,4.3294598
171,Lessines,17237,21341,20571,17178,18377,18565,72.29,257,50.7123736,3.8288692
172,Walcourt,11064,12075,11434,16840,18193,18511,123.18,150,50.2538574,4.4349218
173,Wervicq,9793,13259,17985,17796,18374,18473,43.61,424,50.7841386,3.0448969
174,Essen,2501,4552,8716,16407,18075,18417,47.48,388,51.46776,4.46844
175,Stabroek,2499,5231,6928,17143,18028,18402,21.51,856,51.3347284,4.3716888
176,Tessenderlo,3267,4055,8020,15819,18107,18348,51.35,357,51.0642666,5.0881938
177,Lede,8172,10443,14341,16949,18030,18255,29.69,615,50.9658595,3.9773738
178,Londerzeel,7715,9348,12881,17153,17869,18249,36.29,503,51.00311,4.3026
179,Kalmthout,2748,4058,8592,17260,18126,18217,59.45,306,51.38298,4.47518
180,Comines-Warneton,10645,16407,18250,17564,17884,18159,61.09,297,50.7367666,2.9040922
181,Kasterlee,4502,4550,7764,17554,18132,18102,71.52,253,51.2405124,4.9674402
182,Rhode-Saint-Genèse,2813,4632,8166,17998,17934,17997,22.77,790,50.74594,4.35753
183,Haaltert,9089,11648,14868,17274,17709,17963,30.30,593,50.90244,4.0056592
184,Destelbergen,5438,7589,10400,17172,17685,17888,26.56,673,51.0609335,3.7977646
185,Stekene,6982,9852,11213,16532,17487,17770,44.80,397,51.2063826,4.040883
186,Fontaine-l'Évêque,5393,13846,16716,16968,17258,17679,28.41,622,50.4166,4.32519
187,Boom,7960,15863,19614,15057,17166,17611,7.37,2390,51.08608,4.36633
188,Beerse,1394,2869,7703,15698,17167,17589,37.48,469,51.31949,4.85482
189,Visé,7752,9469,12599,16617,17333,17570,27.99,628,50.7371584,5.699039
190,Marche-en-Famenne,6049,9358,10935,16390,17419,17487,121.40,144,50.2282896,5.3441606
191,Herzele,10966,12978,14677,16276,17224,17467,47.40,369,50.8844221,3.8928472
192,Herve,12707,13453,11859,16469,17166,17423,56.84,307,50.6406643,5.7946868
193,Péruwelz,17974,18717,17657,16867,17216,17406,60.56,287,50.5105818,3.5936738
194,Bredene,2509,3173,7292,14076,16496,17324,13.08,1324,51.2345015,2.9728359
195,Putte,4281,6443,9913,15394,16726,17221,34.96,493,51.05476,4.62867
196,Pont-à-Celles,7748,14213,13548,16081,16807,17171,55.73,308,50.5135288,4.3580067
197,Duffel,4230,7313,12003,15971,16941,17118,22.71,754,51.09539,4.5052
198,Puurs,7978,9376,13313,15736,16704,17082,33.41,511,51.075,4.28925
199,Dour,12149,20056,20550,16865,16921,16861,33.32,506,50.4000126,3.7827918
200,Neerpelt,1892,3790,7812,15378,16686,16833,42.78,393,51.22724,5.43173
201,Soumagne,5269,8819,9990,14607,16302,16642,27.14,613,50.6322821,5.7361037
202,Dixmude,19397,19618,17993,15443,16432,16578,149.40,111,51.033331,2.8658393
203,Riemst,6925,8567,12758,15617,16265,16509,57.88,286,50.8089945,5.6012328
204,Fléron,3471,6728,9438,15891,16220,16477,13.72,1201,50.6205901,5.6862156
205,Aubange,3951,6668,11262,14663,16031,16438,45.60,360,49.5692623,5.8039986
206,Lille,3346,3587,6888,15021,16350,16421,59.40,276,51.2420452,4.8232254
207,Peer,3187,4175,7415,15251,16194,16287,86.95,187,51.1329,5.4536
208,Kruibeke,10951,10338,13459,14556,16028,16457,33.42,492,51.1706379,4.3123063
209,Rotselaar,5529,6426,8711,14587,15963,16412,37.57,437,50.9536709,4.7183791
210,Ciney,7016,11114,11517,14452,15661,16152,147.56,109,50.2956548,5.1008264
211,Merchtem,6465,7708,10494,14250,15693,15929,36.72,434,50.95842,4.23244
212,Hannut,11051,13820,12301,13242,15583,15836,86.53,183,50.67215,5.07776
213,Landen,5640,9968,12682,14288,15546,15835,54.05,293,50.75534,5.08081
214,Éghezée,11342,11753,10320,13414,15415,15801,102.81,154,50.59265,4.90365
215,Laakdal,4689,5446,9112,14806,15533,15793,42.48,372,51.08475,5.03076
216,Wemmel,1285,1621,6252,13932,15341,15755,8.74,1803,50.91032,4.3009225
217,Brée,4156,5432,9524,14001,15379,15656,64.96,241,51.14099,5.59802
218,Zulte,6788,7775,10028,14528,15288,15556,32.52,478,50.9219215,3.4437734
219,Beernem,9591,11163,12066,14525,15357,15486,71.68,216,51.1424568,3.3409522
220,Bastogne,6413,7968,8926,13391,15098,15439,172.03,90,50.0005062,5.7152802
221,Ternat,4977,6705,8749,14418,15142,15348,24.48,627,50.8700928,4.1783284
222,Dison,6513,17051,16933,13978,15142,15296,14.01,1092,50.6099208,5.8539546
223,Genappe,10021,11209,10323,13757,15135,15275,89.57,171,50.6108235,4.4502455
224,Bourg-Léopold,,3514,9111,13796,15172,15218,22.49,677,51.1182774,5.2508114
225,Rumst,3569,9018,12450,14583,14876,15148,19.90,761,51.0804194,4.4217892
226,Malle,2367,2768,6661,13922,14763,15104,51.99,291,51.2967796,4.6943409
227,Waremme,3890,6868,8172,13190,14769,14789,31.04,476,50.69757,5.25553
228,Bonheiden,3449,4559,8313,14089,14722,14759,29.27,504,51.02221,4.54803
229,Overpelt,1511,2806,7000,12533,14400,14968,40.85,366,51.1970553,5.3970123
230,Berlare,7718,9454,10394,13679,14690,14840,37.82,392,51.0174273,4.0058218
231,Tremelo,2722,3597,5872,13339,14679,14738,21.57,683,50.9911642,4.7037297
232,Chapelle-lez-Herlaimont,2578,9914,11199,13909,14561,14771,18.10,816,50.47124,4.28082
233,Ravels,2880,3203,7485,13099,14515,14730,94.99,155,51.370922,4.9939098
234,Brakel,14867,14367,13928,13709,14330,14643,56.46,259,50.80276,3.76382
235,Anzegem,11767,9746,11058,13718,14471,14587,41.79,349,50.8335698,3.479024
236,Sprimont,5191,8291,8126,12426,13966,14567,74.28,196,50.507009,5.6615841
237,Lummen,4291,4688,7625,13501,14358,14560,53.38,273,50.98761,5.19511
238,Thuin,9138,11931,10939,14603,14565,14547,76.17,191,50.3407615,4.2873285
239,Herselt,4504,5879,9382,13632,14399,14542,52.32,278,51.05238,4.88068
240,Buggenhout,5193,7205,10402,13752,14237,14525,25.25,575,51.0136764,4.2011261
241,Machelen,1855,4515,10630,11838,13738,14487,11.59,1250,50.9125785,4.4350213
242,Hamont-Achel,2056,3807,7850,13585,14225,14338,43.66,328,51.2697668,5.5154222
243,Wingene,12509,13822,12367,12517,13949,14298,68.42,209,51.05865,3.2748
244,Haacht,3985,5185,7187,13158,14186,14283,30.57,467,50.97894,4.64134
245,Lubbeek,4623,6133,7587,13620,13953,14190,46.13,308,50.883,4.83927
246,Aartselaar,1506,2109,3702,14438,14281,14174,10.93,1297,51.1340539,4.3844742
247,Lasne,6394,6688,5583,13512,14083,14169,47.22,300,50.68736,4.48135
248,Amay,5495,10026,11605,12987,13863,14147,27.61,512,50.5482792,5.3096648
249,Opwijk,4339,6141,9276,11718,13679,14139,19.69,718,50.971588,4.186911
250,Assenede,12129,13515,13749,13579,13942,14065,87.22,161,51.2269688,3.7510346
251,Wezembeek-Oppem,883,1396,3794,13622,13830,14061,6.82,2062,50.8508976,4.4874562
252,Beloeil,13553,15670,14380,13226,13769,13973,61.55,227,50.5487594,3.7352249
253,Couvin,9745,10967,11654,13249,13897,13971,206.93,68,50.05197,4.49457
254,Ichtegem,7361,10409,12032,13242,13898,13959,45.33,308,51.0928306,3.0106116
255,Jodoigne,12088,11978,9617,11483,13428,13939,73.31,190,50.72336,4.87115
256,Jabbeke,5145,6677,7668,13609,13781,13878,53.76,258,51.1829725,3.0948388
257,Kraainem,688,1295,3333,12692,13585,13684,5.80,2359,50.8610856,4.4592974
258,Ham-sur-Heure-Nalinnes,5667,6774,7081,13253,13464,13662,45.68,299,50.3368349,4.4151808
259,Dinant,10939,13186,12219,12735,13584,13632,99.80,137,50.260494,4.9127457
260,Leuze-en-Hainaut,16044,13936,12804,13031,13514,13620,73.53,185,50.6000942,3.6262371
261,Wanze,5933,10171,9886,12026,13235,13551,43.95,308,50.5344663,5.2141303
262,Oosterzele,9367,10328,11528,13204,13420,13503,43.12,313,50.9467651,3.8155053
263,Enghien,8102,8399,8436,10863,13091,13458,40.59,332,50.6947421,4.0418582
264,Blégny,5619,7109,6400,12382,13130,13240,26.07,508,50.6734033,5.7247316
265,Vieux-Turnhout,,3077,6175,12413,12905,13159,38.80,339,51.3177601,4.982845
266,Kuurne,2510,4611,8396,12785,12961,13093,10.01,1308,50.85397,3.287
267,Esneux,3057,5769,9380,13178,13228,13070,34.05,384,50.5350096,5.568372
268,Meeuwen-Gruitrode,2408,2849,5759,12513,12960,13015,91.26,143,51.09495,5.54784
269,Arendonk,3715,4356,7919,11805,12894,13323,55.38,241,51.322049,5.0863348
270,Grez-Doiceau,6866,7077,6252,11827,12861,13064,55.44,236,50.7386097,4.6974205
271,Affligem,4579,5927,7898,11651,12615,13035,17.70,736,50.9084,4.11281
272,Liedekerke,2261,4051,7715,11800,12646,12929,10.08,1283,50.86891,4.08729
273,Mettet,8577,9964,9446,11317,12789,12902,116.78,110,50.32002,4.65785
274,Bocholt,2285,3428,6979,11887,12729,12862,59.34,217,51.17291,5.57899
275,Boechout,2632,4059,7651,11919,12724,12827,20.66,621,51.1608194,4.5103875
276,Keerbergen,2306,2548,4117,11992,12774,12796,18.39,696,51.0057936,4.6320416
277,Zandhoven,3173,3564,6524,12085,12580,12727,40.10,317,51.2162255,4.6624922
278,Gavere,7674,8573,8994,11847,12529,12606,31.35,402,50.9283314,3.6599198
279,LeCoq,2180,2855,5965,11355,12473,12597,42.17,299,51.2762294,3.0300572
280,Rochefort,5189,9144,9338,11747,12474,12576,165.27,76,50.1596036,5.2221665
281,Wommelgem,1496,2703,5506,11762,12386,12564,13.01,966,51.2021676,4.5219648
282,Herck-la-Ville,3965,4839,7325,11615,12316,12488,42.83,292,50.93923,5.16712
283,Zelzate,3566,6241,10016,12094,12491,12464,13.71,909,51.1987114,3.8119772
284,Laarne,8785,9714,9615,11610,12290,12417,32.07,387,51.0304538,3.8535988
285,Zonnebeke,10179,13239,11582,11545,12380,12395,67.57,183,50.8727216,2.9874808
286,Malmédy,,,8212,11144,12336,12386,99.96,124,50.4246396,6.0283276
287,Kortemark,11055,12344,12543,12232,12267,12374,55.00,225,51.0284499,3.0441091
288,Gerpinnes,4197,5780,6062,12050,12248,12343,47.10,262,50.3373282,4.5277925
289,Kinrooi,3461,4285,6588,11749,12252,12329,54.76,225,51.14552,5.74113
290,Beyne-Heusay,3824,7413,9500,11661,11995,12066,7.32,1648,50.6216012,5.6558548
291,Hechtel-Eksel,2421,2978,5221,11149,11940,12269,76.70,160,51.12509,5.3670663
292,Olen,1844,2319,5538,10895,11923,12218,23.17,527,51.1440245,4.8599119
293,Aywaille,3707,6099,6868,10065,11689,12173,79.97,152,50.47318,5.67584
294,Theux,8506,8532,8176,11170,11992,12147,83.36,146,50.5350795,5.8141847
295,Steenokkerzeel,3631,4804,6033,10419,11640,12098,23.46,516,50.90793,4.51349
296,Profondeville,6016,5774,6508,10741,11677,12089,50.34,240,50.3756621,4.8674002
297,Nevele,12169,10511,9806,10993,11908,12075,51.89,233,51.0343323,3.5474483
298,Boortmeerbeek,3361,3670,5784,11397,11967,12070,18.64,648,50.97939,4.57598
299,Anderlues,3219,9086,12383,11540,11895,11972,17.02,703,50.40604,4.28394
300,Bernissart,8231,9557,12140,11433,11673,11879,43.42,274,50.4743736,3.6504695
301,Gistel,5429,6227,8406,11085,11792,11787,42.25,279,51.1562658,2.9676422
302,Chaumont-Gistoux,6181,4808,3899,10141,11601,11725,48.09,244,50.67687,4.71943
303,Deerlijk,4918,5429,8114,11460,11414,11686,16.82,695,50.85374,3.35335
304,Rijkevorsel,1449,3185,6181,10455,11434,11678,46.79,250,51.34806,4.76054
305,Frasnes-lez-Anvaing,19121,16169,11613,10872,11439,11655,112.44,104,50.66471,3.61536
306,Kampenhout,5456,5808,6972,10732,11316,11632,33.49,347,50.94209,4.54981
307,Florennes,8160,9363,8967,10668,11183,11554,133.55,86,50.2505512,4.6051131
308,Wichelen,7008,6843,9058,10961,11374,11533,22.87,504,51.0048208,3.97358
309,Nazareth,7872,7219,6926,10876,11351,11508,35.19,327,50.9597541,3.5951314
310,Furnes,11155,11914,12578,11854,11516,11507,96.34,119,51.073159,2.6680341
311,Durbuy,7888,8652,7300,9916,11207,11479,156.61,73,50.35306,5.45604
312,Virton,7069,8261,9724,11009,11508,11468,94.49,121,49.5675744,5.5335074
313,Nieuport,4348,4662,6237,10261,11368,11410,31.00,368,51.1284823,2.7480158
314,Alken,2954,3349,5589,10900,11315,11447,28.14,407,50.87609,5.30767
315,Roosdaal,5514,6385,8568,10573,11260,11358,21.69,524,50.8428827,4.0760225
316,Grobbendonk,1777,2421,5568,10449,11047,11151,28.36,393,51.1892618,4.7385712
317,Farciennes,1979,10617,13355,11336,11177,11303,10.39,1088,50.42994,4.5415
318,Staden,9198,10313,10422,10986,10951,11182,46.24,242,50.9746511,3.0145745
319,Berlaar,3386,4718,8469,10150,10960,11169,24.57,455,51.11804,4.65752
320,Melle,2810,5328,8150,10349,11016,11164,15.21,734,51.0036598,3.8003144
321,Hemiksem,3010,5003,9221,9151,10605,11056,5.44,2032,51.14518,4.33834
322,Meulebeke,8871,9185,10127,11055,11086,11032,29.35,376,50.9506,3.28637
323,Retie,2639,2896,4658,9733,10799,11001,48.39,227,51.2669664,5.0842508
324,LaCalamine,,,5986,10121,10874,10987,18.12,606,50.7177895,6.0105938
325,Oud-Heverlee,2421,2755,5177,10522,11046,10987,31.14,353,50.8371647,4.6633371
326,Moorslede,7846,9386,8909,10733,10925,10968,35.34,310,50.891147,3.0632369
327,Vosselaar,866,1333,3578,10015,10700,10961,11.85,925,51.31473,4.88768
328,Libramont-Chevigny,3894,5531,6448,9277,10579,10955,177.86,62,49.9183927,5.3745927
329,Seneffe,10428,11737,9720,10528,11006,10954,62.77,175,50.5333008,4.2565642
330,Rebecq,4635,7666,7771,9877,10550,10901,39.08,279,50.665828,4.1326285
331,Damme,7574,8715,8789,11058,10844,10883,89.52,122,51.2513634,3.2813763
332,Aiseau-Presles,3065,6701,8789,10931,10729,10852,22.19,489,50.4100045,4.586698
333,LaPanne,1278,3071,8182,9722,10748,10826,23.90,453,51.0962794,2.5905629
334,Hoeilaart,2330,3477,6302,9783,10539,10821,20.43,517,50.7674863,4.4740458
335,Écaussinnes,6331,10613,10029,9620,10750,10791,34.77,310,50.5606,4.1724
336,Ingelmunster,5719,6429,9092,10651,10728,10742,16.16,665,50.92325,3.26284
337,Waasmunster,5381,5823,6583,10237,10558,10690,31.93,335,51.1094611,4.0844742
338,Tielt-Winge,4157,5537,7228,9814,10539,10665,44.16,242,50.9226445,4.9148532
339,Ham,2287,2714,5354,9326,10393,10634,32.69,325,51.1038173,5.1777363
340,Borgloon,5499,7067,9094,10116,10495,10590,51.12,207,50.80613,5.34302
341,Raeren,,,5204,9550,10618,10557,74.21,142,50.6770198,6.1097331
342,Spa,3957,8192,9002,10333,10579,10487,39.85,263,50.490369,5.8557382
343,Jurbise,6684,7013,6387,9229,10104,10435,57.86,180,50.5328889,3.9107946
344,Borsbeek,522,1079,3953,10373,10233,10433,3.92,2661,51.1966684,4.4856299
345,Villers-la-Ville,5364,7261,6629,9092,10231,10411,47.45,219,50.5791942,4.5345409
346,Fosses-la-Ville,4661,6574,6442,8750,10037,10353,63.24,164,50.39455,4.69617
347,DePinte,1441,2614,3570,10124,10204,10322,17.98,574,50.99177,3.64936
348,Hulshout,1891,2553,4608,8626,10061,10270,17.35,592,51.0747105,4.7917762
349,Estaimpuis,7879,7803,9762,9538,10066,10249,31.75,323,50.7061525,3.2649737
350,Court-Saint-Étienne,2543,3924,4902,8746,9946,10234,26.64,384,50.6209493,4.5598691
351,Opglabbeek,604,869,2810,9131,10162,10211,24.98,409,51.04316,5.58412
352,Hautem-Saint-Liévin,5983,7698,9278,9171,9985,10197,26.67,382,50.920639,3.8544261
353,Meerhout,3633,4531,7189,9192,9913,10181,36.29,281,51.13219,5.07708
354,Braine-le-Château,3820,5014,5976,8994,9886,10166,22.70,448,50.6802986,4.2689347
355,Plombières,4750,7102,7994,9361,9907,10156,53.18,191,50.7379388,5.9611076
356,Hooglede,7981,7931,7864,9750,9895,10085,37.84,266,50.9786175,3.0815036
357,Montigny-le-Tilleul,2303,4578,6896,10351,10125,10064,15.10,666,50.3816464,4.37553
358,Begijnendijk,2963,3659,6438,9088,9962,10023,17.62,569,51.0188,4.78263
359,Houthulst,6802,8867,7405,8946,9729,9997,55.89,179,50.9773679,2.9456829
360,Niel,3358,7310,10804,8405,9461,9984,5.27,1894,51.11064,4.33207
361,Holsbeek,4289,5343,6564,8857,9724,9975,38.50,259,50.92113,4.75696
362,Neupré,2437,2727,2758,9513,9786,9971,31.69,315,50.54259,5.48091
363,Erquelinnes,4915,7987,10730,9713,9722,9891,44.23,224,50.3073558,4.1113839
364,Chimay,8873,10133,9600,9759,9847,9889,197.10,50,50.04756,4.31472
365,Bierbeek,4841,6425,7552,8822,9609,9876,39.73,249,50.8279,4.75981
366,Welkenraedt,1840,4846,6573,8801,9703,9829,24.47,402,50.66202,5.97458
367,Avelgem,8872,7372,8044,9148,9641,9815,21.75,451,50.7760145,3.445404
368,Pepinster,3146,8327,8521,9292,9726,9796,24.79,395,50.568263,5.8033087
369,Bertem,3746,4729,5793,8843,9638,9768,29.75,328,50.8644751,4.6303588
370,Huldenberg,5128,5343,5534,9009,9528,9662,39.64,244,50.7885995,4.5880687
371,Hoeselt,3035,3629,5889,9133,9588,9616,30.02,320,50.8497352,5.4911006
372,Saint-Vith,,,7350,8941,9451,9589,146.93,65,50.2788486,6.1273655
373,Halen,2889,3978,6395,8216,9352,9541,36.29,263,50.9485,5.11117
374,Lovendegem,5004,4794,6032,9264,9469,9522,19.48,489,51.0953575,3.6059674
375,Ledegem,7443,7135,8014,9344,9509,9494,24.76,383,50.8549568,3.1274573
376,Dessel,1938,2167,5002,8545,9231,9422,27.03,349,51.23985,5.11269
377,Wielsbeke,4766,4840,6615,8911,9188,9497,21.76,434,50.9099425,3.3724874
378,Yvoir,3998,5139,6047,7914,8882,9409,56.84,166,50.3269678,4.8778583
379,Wijnegem,1088,3016,5820,8660,9041,9328,7.86,1187,51.2298182,4.5108974
380,Kapelle-op-den-Bos,2319,3819,5552,8783,9161,9319,15.25,611,51.01324,4.35541
381,LesBonsVillers,5748,7720,6630,8728,9136,9297,42.55,218,50.5427462,4.4476802
382,Philippeville,6207,6468,6489,7939,9001,9245,156.71,59,50.1958462,4.5430358
383,Awans,3890,5539,5540,8270,8998,9223,27.16,340,50.6668399,5.4628842
384,Oudenburg,3987,5648,6799,8810,9110,9221,35.38,261,51.1836719,3.0068753
385,Gooik,6923,7351,7287,8834,9181,9214,39.70,232,50.7952811,4.1180489
386,Juprelle,3902,4912,4447,8145,8997,9213,35.36,261,50.7087893,5.5247464
387,LaBruyère,5152,6356,5492,7836,8923,9085,52.98,171,50.5279949,4.8186282
388,Beauraing,6686,8468,7646,8096,8858,9075,174.55,52,50.1102813,4.9554347
389,Ardooie,9656,8422,9190,9508,9088,9066,34.58,262,50.9767648,3.1991212
390,Lennik,4413,4961,5930,8588,8915,8995,30.80,292,50.8086929,4.161434
391,Bassenge,7237,8341,7037,8176,8806,8979,38.17,235,50.7591324,5.6100672
392,Lint,,1338,2973,7864,8620,8964,5.57,1609,51.1272719,4.4967604
393,Perwez,5938,6187,5242,7057,8249,8854,50.81,174,50.62395,4.81503
394,Herenthout,2402,2761,5083,8302,8747,8803,23.55,374,51.1394506,4.7564892
395,Merksplas,1526,3164,4192,8055,8576,8783,44.56,197,51.3581903,4.8635474
396,Koekelare,5641,7379,7537,8154,8535,8702,39.19,222,51.0929033,2.9795835
397,Orp-Jauche,7115,7166,6683,7437,8387,8695,50.50,172,50.69282,4.98445
398,Bertrix,4779,5857,6871,8054,8494,8631,137.70,63,49.854235,5.2535561
399,Lichtervelde,6003,6535,6682,8270,8512,8628,25.93,333,51.0277074,3.1439095
400,Galmaarden,6737,6647,6897,7741,8535,8615,34.93,247,50.7529396,3.9709478
401,Jalhay,4729,4098,3511,7497,8394,8504,107.75,79,50.5588226,5.9662952
402,Laethem-Saint-Martin,2468,2492,3681,8314,8378,8498,14.34,593,51.0089664,3.6330725
403,Trooz,4162,6919,7508,7689,8076,8471,24.20,350,50.5786521,5.6730779
404,LeRœulx,6372,7829,7995,7931,8191,8442,42.80,197,50.5029,4.1087
405,Zomergem,8857,7135,7108,8245,8214,8395,38.78,216,51.1192868,3.5644511
406,Kortessem,3722,3917,5199,8010,8400,8391,33.90,248,50.8690582,5.4019311
407,Gingelom,4663,7147,8038,7600,8245,8385,56.49,148,50.74988,5.1332
408,Dentergem,7400,6686,7160,7868,8339,8351,25.94,322,50.9636458,3.4186283
409,Léau,4387,6141,7218,7791,8252,8332,46.73,179,50.83231,5.10442
410,Sombreffe,5245,6840,6183,7305,8162,8320,35.78,233,50.52871,4.5884
411,Saint-Amand,4348,4758,6331,7560,8124,8299,15.58,533,51.05595,4.20946
412,Habay,7361,7329,7002,6968,8260,8297,103.64,80,49.7234697,5.6192831
413,Silly,8838,7027,5238,7471,8149,8269,67.68,122,50.6488776,3.9235692
414,Schelle,1460,2250,4972,7743,8088,8218,7.80,1054,51.1269186,4.3388412
415,Knesselare,6757,6654,6931,7794,8216,8184,37.27,220,51.1389261,3.4127817
416,Hove,622,1263,3620,8306,8199,8180,5.99,1366,51.1540043,4.4711513
417,Kruishoutem,9776,8600,6927,7849,8117,8149,46.76,174,50.904499,3.5281414
418,Langemark-Poelkapelle,6555,8186,7365,7656,7981,8134,52.53,155,50.9135674,2.9200127
419,As,596,895,3091,7213,8004,8132,22.07,368,51.0079961,5.5840068
420,Brunehaut,8317,9851,8843,7446,7889,8115,46.11,176,50.5178182,3.3797279
421,Boutersem,3714,4705,5805,7234,7792,8096,30.75,263,50.84109,4.83471
422,Messancy,4108,4876,4881,6902,7999,8083,52.43,154,49.5952655,5.8136164
423,Quévy,7161,8241,7836,7474,7914,8034,65.16,123,50.3632054,3.949875
424,Zwalm,7218,9591,7597,7683,8045,8029,33.82,238,50.8789794,3.7265356
425,Floreffe,3854,5220,6143,7092,7883,7972,38.89,207,50.43405,4.75922
426,Waarschoot,5868,6034,7277,8000,7980,7909,21.91,361,51.1514819,3.6060488
427,Kortenaken,3677,4848,7094,7443,7856,7903,49.06,161,50.8935594,5.0339733
428,Heuvelland,10418,11176,9800,8399,7940,7895,94.24,84,50.77737,2.82716
429,Antoing,8301,9144,9078,7481,7684,7781,31.13,250,50.5672729,3.4513915
430,Vorselaar,1784,2061,4514,7353,7640,7775,27.62,281,51.2025247,4.7708827
431,Oostrozebeke,4420,4461,5498,7317,7556,7722,16.62,465,50.9202012,3.3346008
432,Estinnes,6722,6564,7071,7521,7750,7704,72.73,106,50.4037945,4.1040785
433,Fernelmont,6273,7183,5621,6298,7354,7702,65.61,117,50.552108,4.9855088
434,Vielsalm,5408,6467,6684,7182,7468,7664,139.76,55,50.2840167,5.91469
435,Zingem,8189,6943,7463,6603,7307,7552,23.93,316,50.9013625,3.6526698
436,Wachtebeke,4177,5365,5434,6809,7282,7465,34.53,216,51.17095,3.86055
437,Neufchâteau,3606,4927,4085,6167,7277,7454,113.79,66,49.8417539,5.434177
438,Wellen,3133,3491,4909,6725,7405,7435,26.72,278,50.8404,5.33835
439,LaHulpe,1645,2615,4231,6943,7479,7397,15.60,474,50.7309955,4.4856707
440,Hamois,3880,5049,4300,6462,7070,7495,76.42,98,50.34096,5.15685
441,Chastre,3960,3998,3264,6487,7118,7439,31.27,238,50.60813,4.63569
442,Weismes,,,5065,6503,7110,7425,96.93,77,50.4148914,6.1115604
443,Mont-Saint-Guibert,2163,3066,3033,5871,6912,7319,18.63,393,50.6347043,4.6106474
444,Heers,4636,5849,6849,6575,7103,7242,53.07,136,50.75368,5.30209
445,Dalhem,6248,6431,6340,6145,6996,7225,36.06,200,50.713342,5.7229305
446,Linter,4225,5726,6473,6852,7088,7182,36.37,197,50.84151,5.03661
447,Stavelot,4843,5905,5854,6479,6895,7128,85.07,84,50.3940981,5.9304413
448,Zutendaal,928,956,2032,6755,7074,7129,32.07,222,50.93196,5.57227
449,Gesves,5265,5780,4544,5767,6839,7095,64.92,109,50.4024613,5.0755536
450,Beaumont,7152,6812,5752,6577,7060,7089,92.97,76,50.2371957,4.2393379
451,Anhée,4136,5888,6084,6771,7071,7078,65.67,108,50.31064,4.87829
452,Beauvechain,4990,5321,4301,6199,6824,7037,38.58,182,50.78051,4.77401
453,Assesse,3966,4680,3999,5992,6693,6945,78.16,89,50.3717,5.02227
454,Walhain,4668,4957,4194,5412,6549,6921,37.94,182,50.61654,4.69545
455,Chièvres,6703,6965,6185,6006,6666,6862,46.91,146,50.58597,3.80609
456,Hoegaarden,4466,5126,6206,6014,6739,6848,33.93,202,50.77433,4.89273
457,Hensies,5738,6060,7087,6782,6778,6846,25.99,263,50.432444,3.6844458
458,Nieuwerkerken,2142,2645,3737,6483,6691,6843,22.46,305,50.86475,5.18869
459,Pittem,7595,6881,6107,6629,6763,6807,34.42,198,50.9942781,3.2666707
460,Ittre,4367,5515,5182,5651,6537,6702,34.92,192,50.65021,4.26347
461,Quiévrain,4183,5764,7278,6713,6716,6694,21.22,315,50.407626,3.6828873
462,Saint-Laurent,7900,8718,8055,6513,6640,6653,74.50,89,51.2404591,3.5259689
463,Saint-Georges-sur-Meuse,4540,6303,5764,6785,6529,6624,20.90,317,50.60007,5.35756
464,Hérinnes,7942,6965,6121,6372,6572,6612,44.63,148,50.7248103,4.0280545
465,Lierde,5419,5606,5942,6291,6542,6559,26.13,251,50.8125526,3.8232847
466,Villers-le-Bouillet,4340,6290,4807,5653,6310,6468,32.71,198,50.5699683,5.2662704
467,Kluisbergen,7874,4994,6377,6086,6446,6433,30.38,212,50.7784304,3.4935589
468,Maarkedal,9466,8763,6998,6448,6428,6424,45.63,139,50.80794,3.61833
469,Wortegem-Petegem,9248,7502,5995,6071,6275,6343,41.96,151,50.8445045,3.5268826
470,Kaprijke,6764,6479,5936,6175,6318,6333,33.71,188,51.2187989,3.6174937
471,Moerbeke,4002,5962,5646,5753,6162,6282,37.80,166,51.1734692,3.9342837
472,Ramillies,5844,5388,5065,5295,6201,6214,48.68,128,50.63679,4.91451
473,Braives,5043,6845,5984,5352,5948,6156,44.00,139,50.62823,5.14881
474,Bekkevoort,1977,2842,5403,5726,6079,6076,37.17,164,50.9448,4.9751
475,Geetbets,2903,3870,5140,5793,5947,5992,35.17,170,50.894268,5.1126993
476,Engis,2338,4274,5834,5689,5809,5976,27.74,215,50.5832252,5.4037136
477,Viroinval,5500,7205,6243,5623,5810,5962,120.90,49,50.0714722,4.6059942
478,Ellezelles,9495,8555,6549,5580,5901,5916,44.69,133,50.7337608,3.6799142
479,Limbourg,2687,6188,5877,5495,5776,5867,24.63,238,50.6203121,5.9418935
480,Nandrin,2618,3306,2785,5376,5727,5814,35.90,162,50.5071457,5.4198465
481,Butgenbach,,,3977,5550,5731,5608,97.31,58,50.4266339,6.2042885
482,Hastière,2651,3287,4076,4976,5703,5896,56.46,104,50.1961323,4.836114
483,Remicourt,2686,3749,4454,4753,5709,5867,22.58,260,50.6802,5.32844
484,Lendelede,3828,3619,4452,5502,5684,5748,13.15,437,50.8862994,3.2381931
485,Lobbes,4033,4867,4811,5520,5693,5747,32.08,179,50.3520052,4.2665184
486,Hotton,2631,3000,3016,4890,5448,5714,57.32,100,50.26728,5.44568
487,Étalle,4449,4535,3578,4890,5684,5688,78.10,73,49.673826,5.6002831
488,Thimister-Clermont,4576,3977,3663,5075,5496,5686,28.69,198,50.6542116,5.8640147
489,Lontzen,,,3433,5010,5516,5668,28.73,197,50.68113,6.00716
490,Bullange,,,4539,5287,5532,5654,150.49,38,50.4071499,6.2574774
491,Saint-Hubert,4621,5933,5618,5727,5647,5625,111.16,51,50.0260067,5.3727272
492,Pecq,6493,5838,5467,5157,5552,5580,32.91,170,50.6854685,3.3386962
493,Florenville,6969,6491,5604,5546,5512,5566,146.91,38,49.6977116,5.3119224
494,Celles,10057,8282,6632,5415,5553,5559,67.14,83,50.7125367,3.4574924
495,Amblève,,,4082,5069,5459,5528,44,,50.3541847,6.1694355
496,Vaux-sur-Sûre,4113,4699,4353,4176,5235,5446,135.87,40,49.9105504,5.5671709
497,Bouillon,6880,6744,6325,5465,5427,5432,149.09,36,49.7946641,5.0707587
498,Nassogne,4508,4712,4075,4760,5306,5408,111.96,48,50.1285782,5.3426393
499,Marchin,2912,6392,5019,4935,5231,5396,30.00,180,50.46517,5.24204
500,Gouvy,4718,5975,5936,4581,5017,5385,165.11,33,50.1852034,5.9406801
501,Attert,4727,4673,3105,4118,5166,5382,70.94,76,49.7506889,5.7865368
502,Glabbeek,2906,3835,4720,5071,5269,5381,26.78,201,50.8729134,4.9488142
503,Momignies,5997,6365,5650,5128,5296,5328,85.58,62,50.0262706,4.1661787
504,Paliseul,2977,4651,5026,5006,5220,5316,112.96,47,49.9037207,5.1345355
505,Comblain-au-Pont,1631,4469,5117,5189,5358,5312,22.68,234,50.4754052,5.57481
506,Somme-Leuze,3721,3423,2696,4170,5027,5293,95.09,56,50.3399089,5.3700431
507,Ruiselede,6773,6528,5567,5048,5174,5263,30.20,174,51.0413098,3.3970513
508,Drogenbos,592,1335,3661,4693,5013,5246,2.49,2107,50.7875382,4.3164506
509,Honnelles,6477,7270,6169,5052,5058,5189,43.65,119,50.366628,3.6942525
510,Houffalize,5778,6468,5142,4501,5044,5189,166.58,31,50.1324333,5.7907691
511,Chiny,5989,5711,4676,4885,5167,5174,113.69,46,49.7405487,5.3427691
512,Héron,4529,5479,4473,4195,5000,5164,38.32,135,50.5506312,5.0978682
513,Rumes,4928,6278,5521,5064,5134,5155,23.72,217,50.5540194,3.3055671
514,Havelange,4724,6064,5119,4622,5051,5065,104.73,48,50.38632,5.24429
515,Alveringem,10270,9676,7728,4805,4990,5011,80.01,63,51.0123224,2.7095311
516,Sivry-Rance,5870,5737,4540,4506,4912,4856,72.97,67,50.1699509,4.1813855
517,Incourt,5177,4428,3539,4114,4903,5229,38.79,135,50.69188,4.7966
518,Léglise,3114,3834,4006,3701,4796,5160,172.92,30,49.8000238,5.5376254
519,Libin,3998,4183,4113,4341,4908,5069,139.72,36,49.9815451,5.2572
520,Ohey,3989,4575,3557,4063,4798,4978,56.62,88,50.4366759,5.1246042
521,Cerfontaine,4502,4731,4315,4334,4837,4867,83.45,58,50.1692339,4.4106574
522,Ferrières,2995,3220,2943,4208,4715,4846,56.90,86,50.40029,5.60564
523,Linkebeek,1206,1795,3050,4751,4787,4737,4.15,1145,50.7660264,4.3456087
524,Houyet,4728,6355,4993,4433,4646,4709,122.31,39,50.1854752,5.009969
525,Clavier,3633,4513,4222,4120,4462,4510,79.12,57,50.4114801,5.3635498
526,Musson,2513,2675,2677,3893,4431,4495,34.81,129,49.5581782,5.7057125
527,Gedinne,4727,5517,4596,4344,4457,4485,151.56,30,49.98081,4.93707
528,Pepingen,4688,4567,3912,4247,4417,4392,36.05,122,50.75857,4.1642
529,Lens,6428,5120,4107,3729,4277,4388,49.42,89,50.5566281,3.9005909
530,Baelen,2971,2940,2796,3852,4312,4375,85.73,51,50.6301763,5.9692046
531,Merbes-le-Château,3166,3696,3922,4032,4251,4306,30.24,142,50.3244188,4.1645213
532,Aubel,3202,2921,3067,3851,4138,4233,18.83,225,50.7021296,5.8592295
533,Tintigny,3629,3697,3141,3436,3969,4221,81.79,52,49.6833444,5.5131279
534,Modave,2461,4090,3238,3588,4029,4191,40.37,104,50.4423889,5.3007183
535,LaRoche-en-Ardenne,5070,5864,4602,4107,4247,4162,147.52,28,50.181616,5.5759208
536,Anthisnes,2967,3517,3068,3881,4097,4091,37.08,110,50.4820509,5.5194711
537,Fourons,4134,4189,4416,4315,4157,4089,50.63,81,50.7587669,5.7610934
538,Verlaine,2101,2694,2188,3429,3918,4079,24.21,168,50.60633,5.31729
539,Froidchapelle,3326,3574,3038,3315,3831,3969,86.03,46,50.1500253,4.3282158
540,Burg-Reuland,,,4278,3787,3998,3954,108.96,36,50.1954118,6.1361698
541,Olne,3025,3178,2348,3731,3818,3921,15.99,245,50.5900615,5.7465679
542,Hamoir,1668,2364,2757,3510,3798,3896,27.80,140,50.4267955,5.5315795
543,Faimes,2628,3356,2742,3155,3777,3894,28.48,137,50.66183,5.26009
544,Oreye,2253,3100,2929,3317,3635,3799,19.64,193,50.73175,5.3577
545,Mont-de-l'Enclus,4405,3409,3525,3172,3579,3723,26.93,138,50.7403202,3.5052669
546,Brugelette,4970,4530,3591,3344,3501,3624,28.40,128,50.5991633,3.8545198
547,Vleteren,4242,4972,4546,3593,3712,3624,38.15,95,50.9296908,2.7327547
548,Lierneux,3633,4738,4362,3317,3493,3578,92.08,39,50.2848031,5.7950312
549,Saint-Léger,2572,3399,2279,3192,3361,3547,35.86,99,49.6119564,5.6566551
550,Flobecq,5140,4009,3465,3194,3483,3464,23.00,151,50.7367,3.73852
551,Manhay,3604,3514,2895,2885,3313,3463,119.81,29,50.2908885,5.6614499
552,Bertogne,2862,3526,3177,2724,3212,3440,91.67,38,50.0848665,5.6681775
553,Geer,2426,2956,2686,2570,3199,3388,23.62,143,50.6701762,5.1828092
554,Érezée,2983,3176,2844,2745,3089,3361,78.44,43,50.29172,5.55853
555,Hélécine,2113,3433,3132,2848,3274,3337,16.62,201,50.7497791,4.9829359
556,Lo-Reninge,5927,5798,4424,3217,3299,3274,62.94,52,50.9688486,2.7818969
557,Lincent,2118,2908,2826,2806,3200,3272,14.75,222,50.7128616,5.0305803
558,Fexhe-le-Haut-Clocher,1413,2200,2524,2930,3224,3258,19.25,169,50.665333,5.3994597
559,Bièvre,2775,3701,3601,3140,3218,3215,109.59,29,49.9414154,5.0165882
560,Crisnée,1958,2362,2300,2584,3087,3234,16.83,192,50.7174005,5.3977268
561,Onhaye,3475,3353,2631,3011,3148,3163,65.53,48,50.2415081,4.8398572
562,Burdinne,3202,3536,2684,2709,2986,3138,32.57,96,50.58411,5.07643
563,Stoumont,3886,3820,3040,2873,3079,3122,108.45,29,50.4068434,5.8086125
564,Donceel,1841,2510,2096,2653,2962,3022,23.31,130,50.64577,5.32138
565,Berloz,1552,2341,2641,2620,2924,3021,14.49,208,50.69875,5.21265
566,Wellin,2049,2541,2386,2837,3001,3021,67.52,45,50.0818972,5.1137991
567,Doische,2987,3495,3178,2840,2919,2928,84.02,35,50.1362261,4.7461199
568,Wasseiges,2980,3187,2197,2241,2718,2854,24.45,117,50.61754,5.00162
569,Tenneville,2382,2567,2314,2449,2697,2804,91.81,31,50.092027,5.5245671
570,Rendeux,3336,3530,2522,2217,2502,2782,68.83,40,50.2348339,5.5081521
571,Ouffet,1731,2595,2215,2474,2749,2767,40.22,69,50.4381,5.46538
572,Vresse-sur-Semois,4669,4399,3543,2810,2743,2749,101.04,27,49.8725882,4.9326558
573,Meix-devant-Virton,3644,3337,2609,2691,2742,2741,54.20,51,49.6056457,5.4780041
574,Zuienkerke,2399,2800,2634,2790,2760,2721,48.86,56,51.2649386,3.153933
575,Bar-le-Duc,1007,1028,1742,2120,2592,2694,7.48,360,51.4418,4.9317
576,Tinlot,1739,2251,1940,2184,2594,2649,37.12,71,50.4777355,5.378818
577,Trois-Ponts,2004,2410,2260,2346,2542,2545,68.90,37,50.3717154,5.8703455
578,Sainte-Ode,2112,2444,2426,2181,2415,2463,97.87,25,50.02683,5.54655
579,Tellin,1617,2376,2173,2229,2478,2453,56.64,43,50.0833973,5.2208099
580,Fauvillers,2582,2621,2005,1838,2216,2215,74.11,30,49.851562,5.6627735
581,Biévène,3425,2664,1918,1980,2171,2175,19.78,110,50.7169522,3.9406874
582,Espierres-Helchin,2187,2514,1897,1858,2110,2143,10.78,199,50.7297543,3.3595085
583,Rouvroy,1912,1998,1711,1877,2076,2109,27.68,76,49.53812,5.49189
584,Horebeke,2812,2449,2277,1968,2058,2035,11.20,182,50.8372,3.68672
585,Herbeumont,2433,2499,1924,1434,1559,1954,58.81,33,49.78095,5.2376
586,Martelange,1116,1638,1604,1428,1719,1777,29.67,60,49.8324009,5.7402041
587,Daverdisse,1521,1992,1710,1360,1405,1465,56.40,26,50.0202615,5.1182212
588,Messines,1423,1434,1088,964,952,1049,3.58,293,50.7638555,2.8976699
589,Herstappe,135,148,134,85,87,87,1.35,64,50.72653,5.426
