LIBMIN,CBS,PROVINCE,PMUN14,DENSITE,SURFACE,LAT,LONG
Aa en Hunze,1680,Drenthe,25243,93,278.88,53.0104848,6.7495285
Aalburg,738,NorthBrabant,12859,253,53.17,51.752595,5.131877
Aalsmeer,358,NorthHolland,30792,1486,32.29,52.2621639,4.7619222
Aalten,197,Gelderland,27030,283,97.03,51.9266666,6.5806785
Achtkarspelen,59,Friesland,28002,274,103.98,53.2103566,6.1535651
Alblasserdam,482,SouthHolland,19822,2216,10.06,51.8703366,4.6702024
Albrandswaard,613,SouthHolland,25044,1143,23.76,51.8556542,4.4014151
Alkmaar,361,NorthHolland,94906,3222,31.2,52.6323813,4.7533754
Almelo,141,Overijssel,72435,1079,69.41,52.3670267,6.6684919
Almere,34,Flevoland,196156,1490,248.77,52.3507849,5.2647016
AlphenaandenRijn,484,SouthHolland,106809,844,132.49,52.1276577,4.6688508
Alphen-Chaam,1723,NorthBrabant,9712,102,93.51,51.5091348,4.8615888
Ameland,60,Friesland,3565,60,268.5,53.440564,5.6587659
Amersfoort,307,Utrecht,150943,2358,63.86,52.1561113,5.3878266
Amstelveen,362,NorthHolland,85135,2011,44.08,52.3114207,4.870087
Amsterdam,363,NorthHolland,810909,4767,219.32,52.3702157,4.8951679
Apeldoorn,200,Gelderland,157535,462,341.15,52.211157,5.9699231
Appingedam,3,Groningen,12049,507,24.58,53.3206783,6.8544218
Arnhem,202,Gelderland,150817,1523,101.54,51.9851034,5.8987296
Assen,106,Drenthe,67209,820,83.45,52.992753,6.5642284
Asten,743,NorthBrabant,16479,234,71.34,51.4029943,5.7440776
Baarle-Nassau,744,NorthBrabant,6617,88,76.21,51.4451366,4.9295231
Baarn,308,Utrecht,24344,749,33.01,52.2131825,5.2864096
Barendrecht,489,SouthHolland,47375,2373,21.73,51.8515088,4.5485809
Barneveld,203,Gelderland,54176,304,176.69,52.1401901,5.5841509
Bedum,5,Groningen,10475,236,44.96,53.3016754,6.5998288
Beek,888,Limburg,16268,783,21.03,50.9393162,5.7956471
Beemster,370,NorthHolland,8919,124,72.07,52.5475586,4.9133323
Beesel,889,Limburg,13593,488,29.15,51.2696984,6.0468338
Bellingwedde,7,Groningen,8908,86,110.08,53.1203036,7.1671846
BergenDal,1945,Gelderland,18956,428,44.14,51.8181209,5.9200815
Bergeijk,1724,NorthBrabant,18250,179,101.73,51.3197162,5.3574995
Bergen(LI),893,Limburg,13230,128,108.48,51.5998657,6.0329977
Bergen(NH),373,NorthHolland,30075,316,119.46,52.6684291,4.7059118
BergenopZoom,748,NorthBrabant,66423,826,93.13,51.4945758,4.2871622
Berkelland,1859,Gelderland,44650,174,260.53,52.1135036,6.5203603
Bernheze,1721,NorthBrabant,29703,332,90.41,51.6602722,5.5014015
Best,753,NorthBrabant,28594,836,35.1,51.5077637,5.3978482
Beuningen,209,Gelderland,25254,582,47.09,51.8597237,5.7691067
Beverwijk,375,NorthHolland,40052,2172,20.09,52.4869842,4.6574468
hetBildt,63,Friesland,10633,117,116.48,53.286297,5.6437976
DeBilt,310,Utrecht,42013,635,67.13,52.1092717,5.1809676
Binnenmaas,585,SouthHolland,28682,418,75.57,51.7961885,4.5481566
Bladel,1728,NorthBrabant,19825,260,75.62,51.362963,5.2136395
Blaricum,376,NorthHolland,9112,813,15.56,52.2726695,5.2480795
Bloemendaal,377,NorthHolland,22077,555,45.18,52.4049474,4.6201852
Bodegraven-Reeuwijk,1901,SouthHolland,32986,434,88.64,52.0823259,4.7460844
Boekel,755,NorthBrabant,10089,289,34.52,51.6028789,5.6743158
TenBoer,9,Groningen,7465,165,45.73,53.2758879,6.6925996
Borger-Odoorn,1681,Drenthe,25633,94,277.89,52.889372,6.8884038
Borne,147,Overijssel,21901,830,26.16,52.3002366,6.7537258
Borsele,654,Zeeland,22592,160,194.52,51.4476913,3.803318
Boxmeer,756,NorthBrabant,28135,255,113.84,51.6452689,5.9566657
Boxtel,757,NorthBrabant,30325,475,64.85,51.601437,5.3121773
Breda,758,NorthBrabant,179999,1400,128.68,51.5719149,4.768323
Brielle,501,SouthHolland,16306,583,31.14,51.902582,4.1636846
Bronckhorst,1876,Gelderland,36941,132,286.42,52.0755954,6.1808918
Brummen,213,Gelderland,21169,254,85.01,52.0901666,6.1580145
Brunssum,899,Limburg,28914,1697,17.34,50.9488959,5.9721662
Bunnik,312,Utrecht,14619,391,37.57,52.0665285,5.2007761
Bunschoten,313,Utrecht,20547,664,34.81,52.2406421,5.3670704
Buren,214,Gelderland,25995,193,142.92,51.9103889,5.3340584
CapelleaandenIJssel,502,SouthHolland,66177,4640,15.4,51.9301505,4.5777053
Castricum,383,NorthHolland,34244,694,60.37,52.5452585,4.6727354
Coevorden,109,Drenthe,35771,121,299.69,52.6613567,6.7410616
Cranendonck,1706,NorthBrabant,20388,267,78.05,51.3041026,5.5896962
Cromstrijen,611,SouthHolland,12748,235,70.33,51.7360893,4.4608492
Cuijk,1684,NorthBrabant,24780,481,57.07,51.7289266,5.879209
Culemborg,216,Gelderland,27579,939,31.14,51.9561076,5.2400448
Dalfsen,148,Overijssel,27655,166,166.52,52.507755,6.259667
Dantumadiel,1891,Friesland,19035,226,87.53,53.2729807,5.9859302
Delft,503,SouthHolland,99973,4324,24.06,52.0115769,4.3570677
Delfzijl,10,Groningen,25686,198,227.5,53.3310272,6.9244598
Deurne,762,NorthBrabant,31669,271,118.36,51.4642201,5.7950679
Deventer,150,Overijssel,98327,752,134.33,52.2660751,6.1552165
Diemen,384,NorthHolland,25980,2080,14.04,52.3389926,4.9591888
Dinkelland,1774,Overijssel,25937,148,176.82,52.4076174,6.8972597
Doesburg,221,Gelderland,11449,1002,12.96,52.0142878,6.1397816
Doetinchem,222,Gelderland,56350,711,79.66,51.9646995,6.2937736
Dongen,766,NorthBrabant,25389,861,29.72,51.6287097,4.9382385
Dongeradeel,58,Friesland,24183,145,266.92,53.3248836,5.9966386
Dordrecht,505,SouthHolland,118716,1504,99.47,51.8132979,4.6900929
Drechterland,498,NorthHolland,19257,327,80.74,52.6533067,5.1835889
Drimmelen,1719,NorthBrabant,26705,277,119.43,51.7085524,4.8034905
Dronten,303,Flevoland,40451,121,423.89,52.5346819,5.7218086
Druten,225,Gelderland,18206,482,42.46,51.8940837,5.5942725
Duiven,226,Gelderland,25580,752,35.19,51.9474576,6.0179496
Echt-Susteren,1711,Limburg,31940,312,104.53,51.093224,5.9073645
Edam-Volendam,385,NorthHolland,28934,1760,24.78,52.5045411,5.045998
Ede,228,Gelderland,110657,342,318.62,52.0401675,5.6648594
Eemnes,317,Utrecht,8773,284,33.7,52.2537461,5.2612754
Eemsmond,1651,Groningen,15910,86,543.35,53.4003443,6.6484102
Eersel,770,NorthBrabant,18201,220,83.33,51.3578078,5.3159125
Eijsden-Margraten,1903,Limburg,24980,323,78.32,50.7773424,5.7077516
Eindhoven,772,NorthBrabant,220782,2476,88.87,51.441642,5.4697225
Elburg,230,Gelderland,22658,351,65.91,52.4492631,5.8345193
Emmen,114,Drenthe,108003,324,346.25,52.7858037,6.8975851
Enkhuizen,388,NorthHolland,18395,1471,116.25,52.7153849,5.2846831
Enschede,153,Overijssel,158542,1121,142.72,52.2215372,6.8936619
Epe,232,Gelderland,32352,208,157.37,52.3450173,5.9836544
Ermelo,233,Gelderland,26080,305,87.33,52.2986655,5.6296194
Etten-Leur,777,NorthBrabant,42351,760,55.92,51.5868855,4.6671384
Ferwerderadiel,1722,Friesland,8771,90,133.18,53.3378335,5.8238353
Franekeradeel,70,Friesland,20437,200,109.17,53.1972839,5.5395644
DeFryskeMarren,1940,Friesland,51223,142,559.93,53.1641642,5.7817542
Geertruidenberg,779,NorthBrabant,21597,806,29.64,51.7023659,4.8499781
Geldermalsen,236,Gelderland,26339,263,101.73,51.8820038,5.2910872
Geldrop-Mierlo,1771,NorthBrabant,38854,1247,31.39,51.4324472,5.5829701
Gemert-Bakel,1652,NorthBrabant,29354,237,123.34,51.5223418,5.7359912
Gennep,907,Limburg,17285,364,50.42,51.6978545,5.9726751
Giessenlanden,689,SouthHolland,14423,228,65.11,51.8657355,4.9243453
GilzeenRijen,784,NorthBrabant,26013,391,65.66,51.5598545,4.9092542
Goeree-Overflakkee,1924,SouthHolland,48233,184,422.34,51.7591966,4.1169809
Goes,664,Zeeland,36977,398,101.92,51.5046455,3.8911304
Goirle,785,NorthBrabant,23060,542,42.34,51.5236773,5.0641948
Gorinchem,512,SouthHolland,35252,1855,21.93,51.8372247,4.9758292
Gouda,513,SouthHolland,70923,4225,18.11,52.0115205,4.7104633
Grave,786,NorthBrabant,12696,471,28.03,51.7589248,5.7383579
TheHague,518,SouthHolland,508592,6131,98.12,52.0704978,4.3006999
Groningen,14,Groningen,198108,2474,83.75,53.2193835,6.5665018
Grootegast,15,Groningen,12193,141,87.74,53.2111322,6.2745889
Gulpen-Wittem,1729,Limburg,14492,198,73.35,50.8009343,5.8972878
Haaksbergen,158,Overijssel,24357,233,105.5,52.1581512,6.7473399
Haaren,788,NorthBrabant,13578,236,58.56,51.6021331,5.2267124
Haarlem,392,NorthHolland,155205,5195,32.09,52.3873878,4.6462194
HaarlemmerliedeenSpaarnwoude,393,NorthHolland,5547,284,21.19,52.4143521,4.6928482
Haarlemmermeer,394,NorthHolland,144166,806,185.29,52.3003784,4.6743594
Halderberge,1655,NorthBrabant,29379,393,75.21,51.586263,4.513956
Hardenberg,160,Overijssel,59592,190,317.14,52.5754084,6.6166947
Harderwijk,243,Gelderland,45741,1177,48.27,52.3422025,5.6367423
Hardinxveld-Giessendam,523,SouthHolland,17736,1043,19.35,51.8324299,4.8336405
Haren,17,Groningen,18790,405,50.73,53.1718265,6.6052429
Harlingen,72,Friesland,15810,633,387.67,53.1746381,5.4251517
Hattem,244,Gelderland,11742,511,24.16,52.4739306,6.0681758
Heemskerk,396,NorthHolland,39092,1441,31.67,52.514146,4.6821367
Heemstede,397,NorthHolland,26320,2848,9.64,52.3510634,4.6203004
Heerde,246,Gelderland,18515,232,80.42,52.3909176,6.049638
Heerenveen,74,Friesland,49388,273,187.76,52.9605613,5.9205217
Heerhugowaard,398,NorthHolland,53246,1367,39.99,52.662677,4.8324767
Heerlen,917,Limburg,88202,1977,45.53,50.8881742,5.9794988
Heeze-Leende,1658,NorthBrabant,15376,148,105.04,51.3506055,5.6118505
Heiloo,399,NorthHolland,22626,1211,19.01,52.6012341,4.7004931
DenHelder,400,NorthHolland,56553,1261,178.8,52.9562808,4.7607972
Hellendoorn,163,Overijssel,35697,259,138.99,52.3870446,6.4542947
Hellevoetsluis,530,SouthHolland,38918,1250,46.27,51.8318632,4.13181
Helmond,794,NorthBrabant,89346,1668,54.75,51.4792547,5.6570096
Hendrik-Ido-Ambacht,531,SouthHolland,28952,2648,11.9,51.8423973,4.6395056
Hengelo,164,Overijssel,80975,1329,61.83,52.2574121,6.7927725
's-Hertogenbosch,796,NorthBrabant,143745,1680,91.79,51.6978162,5.3036748
Heumen,252,Gelderland,16342,412,41.54,51.7645323,5.8431502
Heusden,797,NorthBrabant,43180,547,81.22,51.7285836,5.160875
Hillegom,534,SouthHolland,20987,1613,13.48,52.2956262,4.5791763
Hilvarenbeek,798,NorthBrabant,15082,159,96.49,51.4856827,5.1384062
Hilversum,402,NorthHolland,86574,1875,46.35,52.2291696,5.1668974
HofvanTwente,1735,Overijssel,34987,167,215.41,52.2414268,6.5915549
HollandsKroon,1911,NorthHolland,47501,133,662.2,52.8118586,5.0011902
Hoogeveen,118,Drenthe,54680,430,129.25,52.7286158,6.4901002
Hoogezand-Sappemeer,18,Groningen,34360,521,72.99,53.1637895,6.755887
Hoorn,405,NorthHolland,71741,3519,53.25,52.6423654,5.0602124
HorstaandeMaas,1507,Limburg,41718,222,191.92,51.4232255,6.0303174
Houten,321,Utrecht,48427,872,58.99,52.0278426,5.1630019
Huizen,406,NorthHolland,41239,2629,23.32,52.2994652,5.2433925
Hulst,677,Zeeland,27402,137,251.82,51.2806907,4.0548869
IJsselstein,353,Utrecht,34268,1620,21.68,52.0177649,5.0403003
KaagenBraassem,1884,SouthHolland,25758,406,72.24,52.204135,4.6313145
Kampen,166,Overijssel,51069,355,161.79,52.5579645,5.9144617
Kapelle,678,Zeeland,12508,334,49.63,51.4847546,3.9596313
Katwijk,537,SouthHolland,62825,2546,31.13,52.19802,4.4199429
Kerkrade,928,Limburg,46773,2159,22.13,50.8659457,6.0705486
Koggenland,1598,NorthHolland,22473,278,84.13,52.6521964,4.9420151
KollumerlandenNieuwkruisland,79,Friesland,12856,118,116.35,53.3058876,6.1891093
Korendijk,588,SouthHolland,10693,140,100.47,51.8109615,4.3423859
KrimpenaandenIJssel,542,SouthHolland,28814,3681,8.95,51.9143534,4.5962325
Krimpenerwaard,1931,SouthHolland,54287,337,161.3,51.982222,4.781667
Laarbeek,1659,NorthBrabant,21815,390,56.17,51.5384467,5.6212732
Landerd,1685,NorthBrabant,15262,214,70.71,51.7267746,5.6594923
Landgraaf,882,Limburg,37530,1549,24.66,50.8927646,6.0224085
Landsmeer,415,NorthHolland,10457,458,26.5,52.4295674,4.9138121
Langedijk,416,NorthHolland,26984,1123,27.03,52.6867108,4.7838987
Lansingerland,1621,SouthHolland,57188,1018,56.37,51.9987144,4.5162627
Laren,417,NorthHolland,10846,915,12.41,52.2568172,5.224155
Leek,22,Groningen,19607,307,64.28,53.1616114,6.3906165
Leerdam,545,SouthHolland,20586,612,34.42,51.8943133,5.096927
Leeuwarden,80,Friesland,108113,713,166.99,53.2012334,5.7999133
Leeuwarderadeel,81,Friesland,10275,253,41.46,53.2644258,5.7523344
Leiden,546,SouthHolland,121199,5409,23.27,52.1601144,4.4970097
Leiderdorp,547,SouthHolland,26788,2313,12.28,52.1509854,4.5281733
Leidschendam-Voorburg,1916,SouthHolland,73392,2214,35.62,52.0877314,4.3993855
Lelystad,995,Flevoland,76170,325,765.45,52.518537,5.471422
Leudal,1640,Limburg,36213,224,164.89,51.261966,5.8909968
Leusden,327,Utrecht,28967,493,58.89,52.1317932,5.4294692
Lingewaal,733,Gelderland,11059,216,54.49,51.8380891,5.0763838
Lingewaard,1705,Gelderland,45814,735,69.14,51.9038908,5.935221
Lisse,553,SouthHolland,22376,1435,16.05,52.2579303,4.5574834
Littenseradiel,140,Friesland,10929,84,132.64,53.1065984,5.6315126
Lochem,262,Gelderland,33268,156,215.94,52.1614115,6.4155986
LoonopZand,809,NorthBrabant,23104,460,50.71,51.6270137,5.0720086
Lopik,331,Utrecht,14000,185,78.98,51.974861,4.9451478
Loppersum,24,Groningen,10181,93,111.99,53.3321749,6.7479874
Losser,168,Overijssel,22619,229,99.61,52.2628522,7.0057853
Maasdriel,263,Gelderland,24197,364,75.46,51.7689071,5.3233045
Maasgouw,1641,Limburg,23888,526,57.99,51.1678052,5.8841399
Maassluis,556,SouthHolland,32097,3751,10.12,51.9226067,4.2545656
Maastricht,935,Limburg,122331,2131,60.03,50.8513682,5.6909725
DeMarne,1663,Groningen,10205,62,240.33,53.360934,6.3805213
Marum,25,Groningen,10350,161,64.89,53.1462522,6.2673259
Medemblik,420,NorthHolland,43331,354,257.56,52.7674467,5.1069179
Meerssen,938,Limburg,19259,716,27.64,50.8849427,5.7526367
Menameradiel,1908,Friesland,13653,200,70.03,53.2179053,5.6616967
Menterwolde,1987,Groningen,12250,154,81.62,53.1387725,6.9284995
Meppel,119,Drenthe,32875,585,57.03,52.6921234,6.1937187
Middelburg,687,Zeeland,47660,984,53.04,51.4987962,3.610998
Midden-Delfland,1842,SouthHolland,18449,385,49.38,51.9542011,4.2883099
Midden-Drenthe,1731,Drenthe,33368,98,345.87,52.8611037,6.5123043
MillenSintHubert,815,NorthBrabant,10843,209,53.17,51.6798065,5.7553811
Moerdijk,1709,NorthBrabant,36775,229,184.03,51.7018167,4.6273499
Molenwaard,1927,SouthHolland,29043,246,126.47,51.8921302,4.7983399
Montferland,1955,Gelderland,34985,332,106.63,51.919617,6.2463106
Montfoort,335,Utrecht,13639,361,38.2,52.0362127,4.9518586
MookenMiddelaar,944,Limburg,7783,453,18.81,51.7512298,5.8816298
Neder-Betuwe,1740,Gelderland,22591,373,68.16,51.9309372,5.574103
Nederweert,946,Limburg,16773,167,101.78,51.2865631,5.7527014
Neerijnen,304,Gelderland,12022,181,72.9,51.8319019,5.2793557
Nieuwegein,356,Utrecht,61017,2566,25.65,52.0248208,5.0918192
Nieuwkoop,569,SouthHolland,27114,342,91.16,52.1500559,4.777359
Nijkerk,267,Gelderland,40600,578,72.1,52.2224835,5.4835625
Nijmegen,268,Gelderland,168499,3081,57.6,51.8125626,5.8372264
Nissewaard,1930,SouthHolland,85083,1034,98.74,NaN,NaN
Noord-Beveland,1695,Zeeland,7508,88,121.51,51.5702826,3.7714839
Noordenveld,1699,Drenthe,31110,154,205.32,53.0950927,6.4455409
Noordoostpolder,171,Flevoland,46372,101,595.43,52.692622,5.7378425
Noordwijk,575,SouthHolland,25689,719,51.45,52.2399885,4.4500094
Noordwijkerhout,576,SouthHolland,15982,692,23.42,52.2601939,4.4955838
Nuenen.GerwenenNederwetten,820,NorthBrabant,22596,669,33.94,51.4782515,5.5568585
Nunspeet,302,Gelderland,26707,207,129.53,52.3747719,5.769895
Nuth,951,Limburg,15577,473,33.13,50.9114274,5.8925961
Oegstgeest,579,SouthHolland,22855,3123,7.97,52.1862262,4.4748104
Oirschot,823,NorthBrabant,17989,175,102.84,51.5044479,5.3084625
Oisterwijk,824,NorthBrabant,25835,403,65.13,51.5654243,5.2030282
Oldambt,1895,Groningen,38558,172,295.96,53.2036908,7.05297
Oldebroek,269,Gelderland,22824,233,98.84,52.4474448,5.8983168
Oldenzaal,173,Overijssel,32152,1493,21.95,52.3116551,6.9268283
Olst-Wijhe,1773,Overijssel,17760,155,118.37,52.3518964,6.1270756
Ommen,175,Overijssel,17370,97,182.01,52.5248059,6.4262926
Onderbanken,881,Limburg,7882,376,21.24,50.9698522,5.9653964
OostGelre,1586,Gelderland,29648,274,110.12,51.9901169,6.5670679
Oosterhout,826,NorthBrabant,53733,756,73.09,51.6410202,4.8616901
Ooststellingwerf,85,Friesland,25672,115,226.11,52.988319,6.2704272
Oostzaan,431,NorthHolland,9154,789,16.08,52.4404972,4.8757219
Opmeer,432,NorthHolland,11374,274,41.94,52.7053787,4.9426672
Opsterland,86,Friesland,29894,133,227.64,53.0395418,6.1153198
Oss,828,NorthBrabant,85039,555,159.87,51.7611801,5.5140482
Oud-Beijerland,584,SouthHolland,23727,1249,19.61,51.8189297,4.4272362
OudeIJsselstreek,1509,Gelderland,39614,292,137.94,51.9110456,6.4055639
Ouder-Amstel,437,NorthHolland,13255,548,25.78,52.2859289,4.9133832
Oudewater,589,Utrecht,9868,252,40.1,52.024163,4.8684168
Overbetuwe,1734,Gelderland,46653,423,115.08,51.9327749,5.7814647
Papendrecht,590,SouthHolland,32140,3380,10.79,51.8424811,4.6941834
PeelenMaas,1894,Limburg,43298,271,161.35,51.3399185,6.0122977
Pekela,765,Groningen,12733,262,50.2,53.0852407,6.9778815
Pijnacker-Nootdorp,1926,SouthHolland,51068,1341,38.61,52.0126985,4.4273555
Purmerend,439,NorthHolland,79552,3389,24.56,52.5143815,4.9640611
Putten,273,Gelderland,24044,280,87.41,52.258676,5.6053727
Raalte,177,Overijssel,36526,214,172.29,52.3798566,6.2862366
Reimerswaal,703,Zeeland,21915,213,242.42,51.4100025,4.1544478
Renkum,274,Gelderland,31577,687,47.23,51.9834947,5.7420526
Renswoude,339,Utrecht,4928,262,18.51,52.0746607,5.5381732
Reusel-DeMierden,1667,NorthBrabant,12728,162,78.64,51.3706496,5.1465549
Rheden,275,Gelderland,43563,533,84.35,52.0057368,6.0279594
Rhenen,340,Utrecht,19123,453,43.76,51.9621397,5.5711155
Ridderkerk,597,SouthHolland,45207,1904,25.26,51.8702526,4.6022335
Rijnwaarden,196,Gelderland,10926,276,48.08,51.8634009,6.1149625
Rijssen-Holten,1742,Overijssel,37696,399,94.38,52.2925057,6.439999
Rijswijk,603,SouthHolland,47680,3344,14.49,52.0376977,4.3219738
Roerdalen,1669,Limburg,20808,239,88.7,51.1391665,6.0342695
Roermond,957,Limburg,57030,923,71.1,51.1913202,5.9877715
DeRondeVenen,736,Utrecht,42648,426,116.98,52.2066804,4.8867728
Roosendaal,1674,NorthBrabant,76930,728,107.16,51.535849,4.4653213
Rotterdam,599,SouthHolland,618467,2952,325.79,51.9244201,4.4777325
Rozendaal,277,Gelderland,1500,54,27.92,52.0097855,5.9665074
Rucphen,840,NorthBrabant,22213,347,64.47,51.5335666,4.5603199
Schagen,441,NorthHolland,46016,273,187.28,52.7880912,4.8043998
Scherpenzeel,279,Gelderland,9496,679,13.81,52.0789297,5.4880645
Schiedam,606,SouthHolland,76487,4230,19.86,51.9169599,4.3988186
Schiermonnikoog,88,Friesland,938,21,199.07,53.4785962,6.1560311
Schijndel,844,NorthBrabant,23360,554,41.66,51.6196625,5.4334973
Schinnen,962,Limburg,12961,549,24.12,50.9436467,5.8793607
Schouwen-Duiveland,1676,Zeeland,33821,148,488.21,51.6803568,3.952013
Simpelveld,965,Limburg,10844,681,16.02,50.8340269,5.9826108
SintAnthonis,1702,NorthBrabant,11696,119,99.76,51.6271613,5.8851934
Sint-Michielsgestel,845,NorthBrabant,28186,481,59.34,51.6413477,5.3528807
Sint-Oedenrode,846,NorthBrabant,17944,278,64.94,51.5655457,5.4620127
Sittard-Geleen,1883,Limburg,93806,1196,80.53,51.0031681,5.8236706
Sliedrecht,610,SouthHolland,24528,1888,14.01,51.8248681,4.7731624
Slochteren,40,Groningen,15535,103,158.87,53.2122779,6.801653
Sluis,1714,Zeeland,23795,85,307.16,51.3086558,3.3879195
Smallingerland,90,Friesland,55496,469,126.17,53.1277287,6.0793452
Soest,342,Utrecht,45430,986,46.43,52.1763515,5.299197
Someren,847,NorthBrabant,18700,231,81.5,51.3849667,5.7123668
SonenBreugel,848,NorthBrabant,16241,610,26.51,51.511394,5.4982192
Stadskanaal,37,Groningen,32793,280,119.94,52.9919853,6.9462217
Staphorst,180,Overijssel,16365,121,135.69,52.6429144,6.1994944
StedeBroec,532,NorthHolland,21474,1467,16.37,52.6996021,5.2323255
Steenbergen,851,NorthBrabant,23409,159,159.14,51.5812395,4.3155991
Steenwijkerland,1708,Overijssel,43372,150,321.59,52.7415382,6.0493238
Stein,971,Limburg,25348,1211,22.62,50.9679738,5.7662196
StichtseVecht,1904,Utrecht,63823,655,106.82,52.0967441,5.1155366
Strijen,617,SouthHolland,8678,174,57.7,51.7446835,4.5539197
Súdwest-Fryslân,1900,Friesland,84258,183,841.56,53.0234158,5.4816577
Terneuzen,715,Zeeland,54711,218,317.76,51.3322854,3.8324265
Terschelling,93,Friesland,4769,55,673.99,53.3978747,5.3466786
Texel,448,NorthHolland,13566,85,463.16,53.0547626,4.7977149
Teylingen,1525,SouthHolland,35723,1250,33.49,52.2201641,4.5028148
Tholen,716,Zeeland,25398,174,254,51.5332946,4.2162383
Tiel,281,Gelderland,41729,1287,34.81,51.8876176,5.4278765
Tilburg,855,NorthBrabant,210382,1770,119.18,51.560596,5.0919143
Tubbergen,183,Overijssel,21216,144,147.44,52.4089074,6.7854892
Twenterand,1700,Overijssel,33939,319,108.14,52.4500681,6.6207448
Tynaarlo,1730,Drenthe,32506,225,147.7,53.0784318,6.6145455
Tytsjerksteradiel,737,Friesland,31980,215,161.41,53.1760382,5.9786796
Uden,856,NorthBrabant,40934,609,67.53,51.6631071,5.6239228
Uitgeest,450,NorthHolland,13242,672,22.29,52.5312254,4.7120459
Uithoorn,451,NorthHolland,28407,1552,19.42,52.2446266,4.8317337
Urk,184,Flevoland,19487,1644,109.91,52.6630533,5.5989465
Utrecht,344,Utrecht,328577,3353,99.21,52.0907374,5.1214201
UtrechtseHeuvelrug,1581,Utrecht,47939,365,134.09,52.0522029,5.2824946
Vaals,981,Limburg,9682,409,23.87,50.7732182,6.0112743
ValkenburgaandeGeul,994,Limburg,16668,461,36.92,50.8684771,5.826448
Valkenswaard,858,NorthBrabant,30353,557,56.49,51.3554957,5.4533268
Veendam,47,Groningen,27795,367,78.68,53.1062782,6.8750998
Veenendaal,345,Utrecht,63207,3222,19.72,52.0263009,5.5544309
Veere,717,Zeeland,21882,165,206.63,51.5482937,3.6660061
Veghel,860,NorthBrabant,37550,480,78.92,51.6157885,5.5392399
Veldhoven,861,NorthBrabant,44136,1383,31.93,51.4176337,5.4060209
Velsen,453,NorthHolland,67231,1503,63.05,52.4520591,4.630587
Venlo,983,Limburg,100381,800,128.99,51.3703748,6.1724031
Venray,984,Limburg,43120,263,165,51.5256257,5.9736992
Vianen,620,Utrecht,19573,499,42.39,51.9902756,5.1030332
Vlaardingen,622,SouthHolland,71059,3005,26.69,51.9120668,4.3494366
Vlagtwedde,48,Groningen,15899,97,170.55,53.0270253,7.1107879
Vlieland,96,Friesland,1097,31,315.8,53.295963,5.0683373
Vlissingen,718,Zeeland,44450,1302,344.83,51.4536672,3.5709125
Voerendaal,986,Limburg,12447,402,31.52,50.8791531,5.9311602
Voorschoten,626,SouthHolland,24941,2179,11.56,52.1237896,4.4385976
Voorst,285,Gelderland,23801,193,126.47,52.1688539,6.1435287
Vught,865,NorthBrabant,25626,770,34.44,51.653306,5.2943466
Waalre,866,NorthBrabant,16804,737,22.66,51.3878333,5.4432025
Waalwijk,867,NorthBrabant,46515,719,67.65,51.6878954,5.0574822
Waddinxveen,627,SouthHolland,25520,906,29.4,52.0312972,4.6591318
Wageningen,289,Gelderland,37511,1215,32.36,51.9691868,5.6653948
Wassenaar,629,SouthHolland,25786,506,62.37,52.1429096,4.4012129
Waterland,852,NorthHolland,17154,326,115.66,52.3946147,4.9926422
Weert,988,Limburg,48727,466,105.52,51.2439415,5.7142222
Weesp,457,NorthHolland,18231,879,21.83,52.3080507,5.0406217
Werkendam,870,NorthBrabant,26400,253,121.76,51.8081653,4.891848
WestMaasenWaal,668,Gelderland,18391,237,85.21,51.8613408,5.5017367
Westerveld,1701,Drenthe,18902,69,282.74,52.8577076,6.2960104
Westervoort,293,Gelderland,15147,2168,7.84,51.963807,5.9689837
Westland,1783,SouthHolland,103335,1282,90.58,51.9991757,4.217457
Weststellingwerf,98,Friesland,25487,117,228.45,52.8718917,6.0229188
Westvoorne,614,SouthHolland,13977,261,97.48,51.8872789,4.0844609
Wierden,189,Overijssel,23906,251,95.39,52.3582599,6.593873
Wijchen,296,Gelderland,41010,613,69.56,51.8136739,5.7528948
Wijdemeren,1696,NorthHolland,23170,487,76.36,52.2196884,5.0936663
WijkbijDuurstede,352,Utrecht,23031,485,50.25,51.9756003,5.3384495
Winsum,53,Groningen,13843,138,102.53,53.329602,6.5251767
Winterswijk,294,Gelderland,28873,210,138.81,51.9713139,6.720509
Woensdrecht,873,NorthBrabant,21654,237,91.91,51.4292475,4.3047078
Woerden,632,Utrecht,50607,560,92.92,52.0798287,4.8627239
DeWolden,1690,Drenthe,23592,106,226.35,52.6819787,6.3660394
Wormerland,880,NorthHolland,15751,407,45.18,52.5072747,4.8527996
Woudenberg,351,Utrecht,12386,329,36.82,52.0821751,5.4265952
Woudrichem,874,NorthBrabant,14407,292,51.7,51.8170069,5.0037508
Zaanstad,479,NorthHolland,150911,2007,83.24,52.4579659,4.7510425
Zaltbommel,297,Gelderland,27207,336,89.04,51.8135539,5.2507733
Zandvoort,473,NorthHolland,16588,519,43.97,52.3711487,4.533355
Zederik,707,SouthHolland,13661,182,76.5,51.9255584,5.0136328
Zeewolde,50,Flevoland,21543,86,268.86,52.331128,5.540495
Zeist,355,Utrecht,61337,1262,48.65,52.0906015,5.2332526
Zevenaar,299,Gelderland,32254,609,58,51.9294445,6.076959
Zoetermeer,637,SouthHolland,123614,3540,37.05,52.060669,4.494025
Zoeterwoude,638,SouthHolland,8089,384,21.96,52.1208305,4.5165697
Zuidhorn,56,Groningen,18767,149,128.37,53.2431482,6.4081044
Zuidplas,1892,SouthHolland,40878,685,62.42,52.0389865,4.6397094
Zundert,879,NorthBrabant,21374,176,121.17,51.4707015,4.6623558
Zutphen,301,Gelderland,47154,1150,42.93,52.142736,6.1960584
Zwartewaterland,1896,Overijssel,22148,267,87.86,52.6015125,6.0596251
Zwijndrecht,642,SouthHolland,44546,2187,22.77,51.8105978,4.6272719
Zwolle,193,Overijssel,123211,1091,119.36,52.5167747,6.0830219
